frame,blur_score,brightness_score,motion_score,reliability
frame_000000.jpg,1.0,1.0,1.0,1.0
frame_000001.jpg,1.0,1.0,1.0,1.0
frame_000002.jpg,1.0,1.0,1.0,1.0
frame_000003.jpg,1.0,1.0,1.0,1.0
frame_000004.jpg,1.0,1.0,1.0,1.0
frame_000005.jpg,1.0,1.0,1.0,1.0
frame_000006.jpg,1.0,1.0,1.0,1.0
frame_000007.jpg,1.0,1.0,1.0,1.0
frame_000008.jpg,1.0,1.0,1.0,1.0
frame_000009.jpg,1.0,1.0,1.0,1.0
frame_000010.jpg,1.0,1.0,1.0,1.0
frame_000011.jpg,1.0,1.0,1.0,1.0
frame_000012.jpg,1.0,1.0,1.0,1.0
frame_000013.jpg,1.0,1.0,1.0,1.0
frame_000014.jpg,1.0,1.0,1.0,1.0
frame_000015.jpg,1.0,1.0,1.0,1.0
frame_000016.jpg,1.0,1.0,1.0,1.0
frame_000017.jpg,1.0,1.0,1.0,1.0
frame_000018.jpg,1.0,1.0,1.0,1.0
frame_000019.jpg,1.0,1.0,1.0,1.0
frame_000020.jpg,1.0,1.0,1.0,1.0
frame_000021.jpg,1.0,1.0,1.0,1.0
frame_000022.jpg,1.0,1.0,1.0,1.0
frame_000023.jpg,1.0,1.0,1.0,1.0
frame_000024.jpg,1.0,1.0,1.0,1.0
frame_000025.jpg,1.0,1.0,1.0,1.0
frame_000026.jpg,1.0,1.0,1.0,1.0
frame_000027.jpg,1.0,1.0,1.0,1.0
frame_000028.jpg,1.0,1.0,1.0,1.0
frame_000029.jpg,1.0,1.0,1.0,1.0
frame_000030.jpg,1.0,1.0,1.0,1.0
frame_000031.jpg,1.0,1.0,1.0,1.0
frame_000032.jpg,1.0,1.0,1.0,1.0
frame_000033.jpg,1.0,1.0,1.0,1.0
frame_000034.jpg,1.0,1.0,1.0,1.0
frame_000035.jpg,1.0,1.0,1.0,1.0
frame_000036.jpg,1.0,1.0,1.0,1.0
frame_000037.jpg,1.0,1.0,1.0,1.0
frame_000038.jpg,1.0,1.0,1.0,1.0
frame_000039.jpg,1.0,1.0,1.0,1.0
frame_000040.jpg,1.0,1.0,1.0,1.0
frame_000041.jpg,1.0,1.0,1.0,1.0
frame_000042.jpg,1.0,1.0,1.0,1.0
frame_000043.jpg,1.0,1.0,1.0,1.0
frame_000044.jpg,1.0,1.0,1.0,1.0
frame_000045.jpg,1.0,1.0,1.0,1.0
frame_000046.jpg,1.0,1.0,1.0,1.0
frame_000047.jpg,1.0,1.0,1.0,1.0
frame_000048.jpg,1.0,1.0,1.0,1.0
frame_000049.jpg,1.0,1.0,1.0,1.0
frame_000050.jpg,1.0,1.0,1.0,1.0
frame_000051.jpg,1.0,1.0,1.0,1.0
frame_000052.jpg,1.0,1.0,1.0,1.0
frame_000053.jpg,1.0,1.0,1.0,1.0
frame_000054.jpg,1.0,1.0,1.0,1.0
frame_000055.jpg,1.0,1.0,1.0,1.0
frame_000056.jpg,1.0,1.0,1.0,1.0
frame_000057.jpg,1.0,1.0,1.0,1.0
frame_000058.jpg,1.0,1.0,1.0,1.0
frame_000059.jpg,1.0,1.0,1.0,1.0
frame_000060.jpg,1.0,1.0,1.0,1.0
frame_000061.jpg,1.0,1.0,1.0,1.0
frame_000062.jpg,1.0,1.0,1.0,1.0
frame_000063.jpg,1.0,1.0,1.0,1.0
frame_000064.jpg,1.0,1.0,1.0,1.0
frame_000065.jpg,1.0,1.0,1.0,1.0
frame_000066.jpg,1.0,1.0,1.0,1.0
frame_000067.jpg,1.0,1.0,1.0,1.0
frame_000068.jpg,1.0,1.0,1.0,1.0
frame_000069.jpg,1.0,1.0,1.0,1.0
frame_000070.jpg,1.0,1.0,1.0,1.0
frame_000071.jpg,1.0,1.0,1.0,1.0
frame_000072.jpg,1.0,1.0,1.0,1.0
frame_000073.jpg,1.0,1.0,1.0,1.0
frame_000074.jpg,1.0,1.0,1.0,1.0
frame_000075.jpg,1.0,1.0,1.0,1.0
frame_000076.jpg,1.0,1.0,1.0,1.0
frame_000077.jpg,1.0,1.0,1.0,1.0
frame_000078.jpg,1.0,1.0,1.0,1.0
frame_000079.jpg,1.0,1.0,1.0,1.0
frame_000080.jpg,1.0,1.0,1.0,1.0
frame_000081.jpg,1.0,1.0,1.0,1.0
frame_000082.jpg,1.0,1.0,1.0,1.0
frame_000083.jpg,1.0,1.0,1.0,1.0
frame_000084.jpg,1.0,1.0,1.0,1.0
frame_000085.jpg,1.0,1.0,1.0,1.0
frame_000086.jpg,1.0,1.0,1.0,1.0
frame_000087.jpg,1.0,1.0,1.0,1.0
frame_000088.jpg,1.0,1.0,1.0,1.0
frame_000089.jpg,1.0,1.0,1.0,1.0
frame_000090.jpg,1.0,1.0,1.0,1.0
frame_000091.jpg,1.0,1.0,1.0,1.0
frame_000092.jpg,1.0,1.0,1.0,1.0
frame_000093.jpg,1.0,1.0,1.0,1.0
frame_000094.jpg,1.0,1.0,1.0,1.0
frame_000095.jpg,1.0,1.0,1.0,1.0
frame_000096.jpg,0.9911,1.0,1.0,0.9956
frame_000097.jpg,1.0,1.0,1.0,1.0
frame_000098.jpg,1.0,1.0,1.0,1.0
frame_000099.jpg,1.0,1.0,1.0,1.0
frame_000100.jpg,1.0,1.0,1.0,1.0
frame_000101.jpg,1.0,1.0,1.0,1.0
frame_000102.jpg,0.9835,1.0,1.0,0.9917
frame_000103.jpg,0.9798,1.0,1.0,0.9899
frame_000104.jpg,1.0,1.0,1.0,1.0
frame_000105.jpg,1.0,1.0,1.0,1.0
frame_000106.jpg,1.0,1.0,1.0,1.0
frame_000107.jpg,0.9099,1.0,1.0,0.955
frame_000108.jpg,1.0,1.0,1.0,1.0
frame_000109.jpg,1.0,1.0,1.0,1.0
frame_000110.jpg,1.0,1.0,1.0,1.0
frame_000111.jpg,1.0,1.0,1.0,1.0
frame_000112.jpg,1.0,1.0,1.0,1.0
frame_000113.jpg,1.0,1.0,1.0,1.0
frame_000114.jpg,1.0,1.0,1.0,1.0
frame_000115.jpg,1.0,1.0,1.0,1.0
frame_000116.jpg,1.0,1.0,1.0,1.0
frame_000117.jpg,1.0,1.0,1.0,1.0
frame_000118.jpg,1.0,1.0,1.0,1.0
frame_000119.jpg,1.0,1.0,1.0,1.0
frame_000120.jpg,1.0,1.0,1.0,1.0
frame_000121.jpg,1.0,1.0,1.0,1.0
frame_000122.jpg,1.0,1.0,1.0,1.0
frame_000123.jpg,0.7739,1.0,1.0,0.8869
frame_000124.jpg,1.0,1.0,1.0,1.0
frame_000125.jpg,1.0,1.0,1.0,1.0
frame_000126.jpg,1.0,1.0,1.0,1.0
frame_000127.jpg,1.0,1.0,1.0,1.0
frame_000128.jpg,1.0,1.0,1.0,1.0
frame_000129.jpg,1.0,1.0,1.0,1.0
frame_000130.jpg,1.0,1.0,1.0,1.0
frame_000131.jpg,1.0,1.0,1.0,1.0
frame_000132.jpg,1.0,1.0,1.0,1.0
frame_000133.jpg,1.0,1.0,1.0,1.0
frame_000134.jpg,1.0,1.0,1.0,1.0
frame_000135.jpg,1.0,1.0,1.0,1.0
frame_000136.jpg,1.0,1.0,1.0,1.0
frame_000137.jpg,1.0,1.0,1.0,1.0
frame_000138.jpg,1.0,1.0,1.0,1.0
frame_000139.jpg,1.0,1.0,1.0,1.0
frame_000140.jpg,1.0,1.0,1.0,1.0
frame_000141.jpg,1.0,1.0,1.0,1.0
frame_000142.jpg,1.0,1.0,1.0,1.0
frame_000143.jpg,1.0,1.0,1.0,1.0
frame_000144.jpg,1.0,1.0,1.0,1.0
frame_000145.jpg,1.0,1.0,1.0,1.0
frame_000146.jpg,1.0,1.0,1.0,1.0
frame_000147.jpg,1.0,1.0,1.0,1.0
frame_000148.jpg,1.0,1.0,1.0,1.0
frame_000149.jpg,1.0,1.0,1.0,1.0
frame_000150.jpg,1.0,1.0,1.0,1.0
frame_000151.jpg,1.0,1.0,1.0,1.0
frame_000152.jpg,1.0,1.0,1.0,1.0
frame_000153.jpg,1.0,1.0,1.0,1.0
frame_000154.jpg,1.0,1.0,1.0,1.0
frame_000155.jpg,1.0,1.0,1.0,1.0
frame_000156.jpg,1.0,1.0,1.0,1.0
frame_000157.jpg,1.0,1.0,1.0,1.0
frame_000158.jpg,1.0,1.0,1.0,1.0
frame_000159.jpg,1.0,1.0,1.0,1.0
frame_000160.jpg,1.0,1.0,1.0,1.0
frame_000161.jpg,1.0,1.0,1.0,1.0
frame_000162.jpg,1.0,1.0,1.0,1.0
frame_000163.jpg,1.0,1.0,1.0,1.0
frame_000164.jpg,1.0,1.0,1.0,1.0
frame_000165.jpg,1.0,1.0,1.0,1.0
frame_000166.jpg,1.0,1.0,1.0,1.0
frame_000167.jpg,1.0,1.0,1.0,1.0
frame_000168.jpg,1.0,1.0,1.0,1.0
frame_000169.jpg,1.0,1.0,1.0,1.0
frame_000170.jpg,1.0,1.0,1.0,1.0
frame_000171.jpg,1.0,1.0,1.0,1.0
frame_000172.jpg,1.0,1.0,1.0,1.0
frame_000173.jpg,1.0,1.0,1.0,1.0
frame_000174.jpg,1.0,1.0,1.0,1.0
frame_000175.jpg,1.0,1.0,1.0,1.0
frame_000176.jpg,1.0,1.0,1.0,1.0
frame_000177.jpg,1.0,1.0,1.0,1.0
frame_000178.jpg,0.9528,1.0,1.0,0.9764
frame_000179.jpg,1.0,1.0,1.0,1.0
frame_000180.jpg,1.0,1.0,1.0,1.0
frame_000181.jpg,1.0,1.0,1.0,1.0
frame_000182.jpg,1.0,1.0,1.0,1.0
frame_000183.jpg,0.7691,1.0,1.0,0.8846
frame_000184.jpg,0.8804,1.0,1.0,0.9402
frame_000185.jpg,1.0,1.0,1.0,1.0
frame_000186.jpg,1.0,1.0,1.0,1.0
frame_000187.jpg,1.0,1.0,1.0,1.0
frame_000188.jpg,1.0,1.0,1.0,1.0
frame_000189.jpg,1.0,1.0,1.0,1.0
frame_000190.jpg,1.0,1.0,1.0,1.0
frame_000191.jpg,1.0,1.0,1.0,1.0
frame_000192.jpg,1.0,1.0,1.0,1.0
frame_000193.jpg,0.8193,1.0,1.0,0.9097
frame_000194.jpg,0.7485,1.0,1.0,0.8742
frame_000195.jpg,1.0,1.0,1.0,1.0
frame_000196.jpg,1.0,1.0,1.0,1.0
frame_000197.jpg,1.0,1.0,1.0,1.0
frame_000198.jpg,0.8847,1.0,1.0,0.9424
frame_000199.jpg,0.7511,1.0,1.0,0.8756
frame_000200.jpg,1.0,1.0,1.0,1.0
frame_000201.jpg,1.0,1.0,1.0,1.0
frame_000202.jpg,1.0,1.0,1.0,1.0
frame_000203.jpg,1.0,1.0,1.0,1.0
frame_000204.jpg,1.0,1.0,1.0,1.0
frame_000205.jpg,0.9414,1.0,1.0,0.9707
frame_000206.jpg,0.8433,1.0,1.0,0.9216
frame_000207.jpg,0.9441,1.0,1.0,0.9721
frame_000208.jpg,0.976,1.0,1.0,0.988
frame_000209.jpg,0.8321,1.0,1.0,0.9161
frame_000210.jpg,0.9795,1.0,1.0,0.9898
frame_000211.jpg,1.0,1.0,1.0,1.0
frame_000212.jpg,1.0,1.0,1.0,1.0
frame_000213.jpg,1.0,1.0,1.0,1.0
frame_000214.jpg,1.0,1.0,1.0,1.0
frame_000215.jpg,1.0,1.0,1.0,1.0
frame_000216.jpg,1.0,1.0,1.0,1.0
frame_000217.jpg,1.0,1.0,1.0,1.0
frame_000218.jpg,1.0,1.0,1.0,1.0
frame_000219.jpg,1.0,1.0,1.0,1.0
frame_000220.jpg,1.0,1.0,1.0,1.0
frame_000221.jpg,0.942,1.0,1.0,0.971
frame_000222.jpg,1.0,1.0,1.0,1.0
frame_000223.jpg,1.0,1.0,1.0,1.0
frame_000224.jpg,0.7413,1.0,1.0,0.8706
frame_000225.jpg,0.7737,1.0,1.0,0.8868
frame_000226.jpg,0.9692,1.0,1.0,0.9846
frame_000227.jpg,1.0,1.0,1.0,1.0
frame_000228.jpg,1.0,1.0,1.0,1.0
frame_000229.jpg,0.8532,1.0,1.0,0.9266
frame_000230.jpg,0.8217,1.0,1.0,0.9109
frame_000231.jpg,0.9987,1.0,1.0,0.9993
frame_000232.jpg,0.8143,1.0,1.0,0.9071
frame_000233.jpg,0.7473,1.0,1.0,0.8737
frame_000234.jpg,1.0,1.0,1.0,1.0
frame_000235.jpg,1.0,1.0,1.0,1.0
frame_000236.jpg,1.0,1.0,1.0,1.0
frame_000237.jpg,1.0,1.0,1.0,1.0
frame_000238.jpg,1.0,1.0,1.0,1.0
frame_000239.jpg,1.0,1.0,1.0,1.0
frame_000240.jpg,1.0,1.0,1.0,1.0
frame_000241.jpg,1.0,1.0,1.0,1.0
frame_000242.jpg,1.0,1.0,1.0,1.0
frame_000243.jpg,1.0,1.0,1.0,1.0
frame_000244.jpg,1.0,1.0,1.0,1.0
frame_000245.jpg,1.0,1.0,1.0,1.0
frame_000246.jpg,1.0,1.0,1.0,1.0
frame_000247.jpg,1.0,1.0,1.0,1.0
frame_000248.jpg,1.0,1.0,1.0,1.0
frame_000249.jpg,0.7747,1.0,1.0,0.8874
frame_000250.jpg,0.713,1.0,1.0,0.8565
frame_000251.jpg,0.8791,1.0,1.0,0.9395
frame_000252.jpg,1.0,1.0,1.0,1.0
frame_000253.jpg,1.0,1.0,1.0,1.0
frame_000254.jpg,1.0,1.0,1.0,1.0
frame_000255.jpg,0.9439,1.0,1.0,0.972
frame_000256.jpg,0.8333,1.0,1.0,0.9166
frame_000257.jpg,1.0,1.0,1.0,1.0
frame_000258.jpg,1.0,1.0,1.0,1.0
frame_000259.jpg,1.0,1.0,1.0,1.0
frame_000260.jpg,1.0,1.0,1.0,1.0
frame_000261.jpg,0.8506,1.0,1.0,0.9253
frame_000262.jpg,1.0,1.0,1.0,1.0
frame_000263.jpg,1.0,1.0,1.0,1.0
frame_000264.jpg,1.0,1.0,1.0,1.0
frame_000265.jpg,0.824,1.0,1.0,0.912
frame_000266.jpg,1.0,1.0,1.0,1.0
frame_000267.jpg,1.0,1.0,1.0,1.0
frame_000268.jpg,1.0,1.0,1.0,1.0
frame_000269.jpg,1.0,1.0,1.0,1.0
frame_000270.jpg,0.743,1.0,1.0,0.8715
frame_000271.jpg,1.0,1.0,1.0,1.0
frame_000272.jpg,1.0,1.0,1.0,1.0
frame_000273.jpg,1.0,1.0,1.0,1.0
frame_000274.jpg,0.9215,1.0,1.0,0.9607
frame_000275.jpg,0.6963,1.0,1.0,0.8481
frame_000276.jpg,1.0,1.0,1.0,1.0
frame_000277.jpg,1.0,1.0,1.0,1.0
frame_000278.jpg,1.0,1.0,1.0,1.0
frame_000279.jpg,1.0,1.0,1.0,1.0
frame_000280.jpg,0.712,1.0,1.0,0.856
frame_000281.jpg,0.5919,1.0,1.0,0.7959
frame_000282.jpg,1.0,1.0,1.0,1.0
frame_000283.jpg,1.0,1.0,1.0,1.0
frame_000284.jpg,1.0,1.0,1.0,1.0
frame_000285.jpg,0.79,1.0,1.0,0.895
frame_000286.jpg,1.0,1.0,1.0,1.0
frame_000287.jpg,1.0,1.0,1.0,1.0
frame_000288.jpg,1.0,1.0,1.0,1.0
frame_000289.jpg,1.0,1.0,1.0,1.0
frame_000290.jpg,1.0,1.0,1.0,1.0
frame_000291.jpg,1.0,1.0,1.0,1.0
frame_000292.jpg,0.4358,1.0,1.0,0.7179
frame_000293.jpg,0.9378,1.0,1.0,0.9689
frame_000294.jpg,1.0,1.0,1.0,1.0
frame_000295.jpg,0.9454,1.0,1.0,0.9727
frame_000296.jpg,0.6359,1.0,1.0,0.8179
frame_000297.jpg,0.3981,1.0,1.0,0.699
frame_000298.jpg,0.8448,1.0,1.0,0.9224
frame_000299.jpg,1.0,1.0,1.0,1.0
frame_000300.jpg,1.0,1.0,1.0,1.0
frame_000301.jpg,1.0,1.0,1.0,1.0
frame_000302.jpg,1.0,1.0,1.0,1.0
frame_000303.jpg,1.0,1.0,1.0,1.0
frame_000304.jpg,1.0,1.0,1.0,1.0
frame_000305.jpg,1.0,1.0,1.0,1.0
frame_000306.jpg,1.0,1.0,1.0,1.0
frame_000307.jpg,1.0,1.0,1.0,1.0
frame_000308.jpg,1.0,1.0,1.0,1.0
frame_000309.jpg,1.0,1.0,1.0,1.0
frame_000310.jpg,1.0,1.0,1.0,1.0
frame_000311.jpg,1.0,1.0,1.0,1.0
frame_000312.jpg,1.0,1.0,1.0,1.0
frame_000313.jpg,0.9573,1.0,1.0,0.9787
frame_000314.jpg,1.0,1.0,1.0,1.0
frame_000315.jpg,1.0,1.0,1.0,1.0
frame_000316.jpg,1.0,1.0,1.0,1.0
frame_000317.jpg,1.0,1.0,1.0,1.0
frame_000318.jpg,1.0,1.0,1.0,1.0
frame_000319.jpg,1.0,1.0,1.0,1.0
frame_000320.jpg,1.0,1.0,1.0,1.0
frame_000321.jpg,1.0,1.0,1.0,1.0
frame_000322.jpg,1.0,1.0,1.0,1.0
frame_000323.jpg,1.0,1.0,1.0,1.0
frame_000324.jpg,1.0,1.0,1.0,1.0
frame_000325.jpg,1.0,1.0,1.0,1.0
frame_000326.jpg,1.0,1.0,1.0,1.0
frame_000327.jpg,1.0,1.0,1.0,1.0
frame_000328.jpg,1.0,1.0,1.0,1.0
frame_000329.jpg,1.0,1.0,1.0,1.0
frame_000330.jpg,1.0,1.0,1.0,1.0
frame_000331.jpg,1.0,1.0,1.0,1.0
frame_000332.jpg,1.0,1.0,1.0,1.0
frame_000333.jpg,1.0,1.0,1.0,1.0
frame_000334.jpg,1.0,1.0,1.0,1.0
frame_000335.jpg,1.0,1.0,1.0,1.0
frame_000336.jpg,1.0,1.0,1.0,1.0
frame_000337.jpg,1.0,1.0,1.0,1.0
frame_000338.jpg,1.0,1.0,1.0,1.0
frame_000339.jpg,0.8877,1.0,1.0,0.9439
frame_000340.jpg,1.0,1.0,1.0,1.0
frame_000341.jpg,1.0,1.0,1.0,1.0
frame_000342.jpg,1.0,1.0,1.0,1.0
frame_000343.jpg,0.641,1.0,1.0,0.8205
frame_000344.jpg,1.0,1.0,1.0,1.0
frame_000345.jpg,1.0,1.0,1.0,1.0
frame_000346.jpg,1.0,1.0,1.0,1.0
frame_000347.jpg,1.0,1.0,1.0,1.0
frame_000348.jpg,1.0,1.0,1.0,1.0
frame_000349.jpg,1.0,1.0,1.0,1.0
frame_000350.jpg,1.0,1.0,1.0,1.0
frame_000351.jpg,1.0,1.0,1.0,1.0
frame_000352.jpg,1.0,1.0,1.0,1.0
frame_000353.jpg,1.0,1.0,1.0,1.0
frame_000354.jpg,1.0,1.0,1.0,1.0
frame_000355.jpg,1.0,1.0,1.0,1.0
frame_000356.jpg,1.0,1.0,1.0,1.0
frame_000357.jpg,1.0,1.0,1.0,1.0
frame_000358.jpg,1.0,1.0,1.0,1.0
frame_000359.jpg,1.0,1.0,1.0,1.0
frame_000360.jpg,1.0,1.0,1.0,1.0
frame_000361.jpg,1.0,1.0,1.0,1.0
frame_000362.jpg,1.0,1.0,1.0,1.0
frame_000363.jpg,1.0,1.0,1.0,1.0
frame_000364.jpg,1.0,1.0,1.0,1.0
frame_000365.jpg,1.0,1.0,1.0,1.0
frame_000366.jpg,1.0,1.0,1.0,1.0
frame_000367.jpg,1.0,1.0,1.0,1.0
frame_000368.jpg,1.0,1.0,1.0,1.0
frame_000369.jpg,1.0,1.0,1.0,1.0
frame_000370.jpg,1.0,1.0,1.0,1.0
frame_000371.jpg,1.0,1.0,1.0,1.0
frame_000372.jpg,1.0,1.0,1.0,1.0
frame_000373.jpg,1.0,1.0,1.0,1.0
frame_000374.jpg,1.0,1.0,1.0,1.0
frame_000375.jpg,1.0,1.0,1.0,1.0
frame_000376.jpg,1.0,1.0,1.0,1.0
frame_000377.jpg,1.0,1.0,1.0,1.0
frame_000378.jpg,1.0,1.0,1.0,1.0
frame_000379.jpg,1.0,1.0,1.0,1.0
frame_000380.jpg,1.0,1.0,1.0,1.0
frame_000381.jpg,1.0,1.0,1.0,1.0
frame_000382.jpg,1.0,1.0,1.0,1.0
frame_000383.jpg,1.0,1.0,1.0,1.0
frame_000384.jpg,1.0,1.0,1.0,1.0
frame_000385.jpg,1.0,1.0,1.0,1.0
frame_000386.jpg,1.0,1.0,1.0,1.0
frame_000387.jpg,1.0,1.0,1.0,1.0
frame_000388.jpg,1.0,1.0,1.0,1.0
frame_000389.jpg,1.0,1.0,1.0,1.0
frame_000390.jpg,1.0,1.0,1.0,1.0
frame_000391.jpg,1.0,1.0,1.0,1.0
frame_000392.jpg,0.8313,1.0,1.0,0.9157
frame_000393.jpg,1.0,1.0,1.0,1.0
frame_000394.jpg,1.0,1.0,1.0,1.0
frame_000395.jpg,1.0,1.0,1.0,1.0
frame_000396.jpg,0.6532,1.0,1.0,0.8266
frame_000397.jpg,1.0,1.0,1.0,1.0
frame_000398.jpg,0.4718,1.0,1.0,0.7359
frame_000399.jpg,0.5275,1.0,1.0,0.7638
frame_000400.jpg,1.0,1.0,1.0,1.0
frame_000401.jpg,1.0,1.0,1.0,1.0
frame_000402.jpg,1.0,1.0,1.0,1.0
frame_000403.jpg,1.0,1.0,1.0,1.0
frame_000404.jpg,1.0,1.0,1.0,1.0
frame_000405.jpg,1.0,1.0,1.0,1.0
frame_000406.jpg,1.0,1.0,1.0,1.0
frame_000407.jpg,1.0,1.0,1.0,1.0
frame_000408.jpg,1.0,1.0,1.0,1.0
frame_000409.jpg,1.0,1.0,1.0,1.0
frame_000410.jpg,1.0,1.0,1.0,1.0
frame_000411.jpg,0.8458,1.0,1.0,0.9229
frame_000412.jpg,0.8729,1.0,1.0,0.9364
frame_000413.jpg,1.0,1.0,1.0,1.0
frame_000414.jpg,1.0,1.0,1.0,1.0
frame_000415.jpg,0.8275,1.0,1.0,0.9138
frame_000416.jpg,0.1952,1.0,1.0,0.5976
frame_000417.jpg,0.4473,1.0,1.0,0.7237
frame_000418.jpg,1.0,1.0,1.0,1.0
frame_000419.jpg,0.7313,1.0,1.0,0.8657
frame_000420.jpg,0.8632,1.0,1.0,0.9316
frame_000421.jpg,1.0,1.0,1.0,1.0
frame_000422.jpg,0.5146,1.0,1.0,0.7573
frame_000423.jpg,1.0,1.0,1.0,1.0
frame_000424.jpg,1.0,1.0,1.0,1.0
frame_000425.jpg,1.0,1.0,1.0,1.0
frame_000426.jpg,1.0,1.0,1.0,1.0
frame_000427.jpg,1.0,1.0,1.0,1.0
frame_000428.jpg,1.0,1.0,1.0,1.0
frame_000429.jpg,1.0,1.0,1.0,1.0
frame_000430.jpg,1.0,1.0,1.0,1.0
frame_000431.jpg,0.6207,1.0,1.0,0.8104
frame_000432.jpg,1.0,1.0,1.0,1.0
frame_000433.jpg,1.0,1.0,1.0,1.0
frame_000434.jpg,1.0,1.0,1.0,1.0
frame_000435.jpg,1.0,1.0,1.0,1.0
frame_000436.jpg,1.0,1.0,1.0,1.0
frame_000437.jpg,0.9016,1.0,1.0,0.9508
frame_000438.jpg,1.0,1.0,1.0,1.0
frame_000439.jpg,1.0,1.0,1.0,1.0
frame_000440.jpg,1.0,1.0,1.0,1.0
frame_000441.jpg,1.0,1.0,1.0,1.0
frame_000442.jpg,0.8499,1.0,1.0,0.925
frame_000443.jpg,0.9391,1.0,1.0,0.9696
frame_000444.jpg,1.0,1.0,1.0,1.0
frame_000445.jpg,1.0,1.0,1.0,1.0
frame_000446.jpg,1.0,1.0,1.0,1.0
frame_000447.jpg,1.0,1.0,1.0,1.0
frame_000448.jpg,1.0,1.0,1.0,1.0
frame_000449.jpg,1.0,1.0,1.0,1.0
frame_000450.jpg,1.0,1.0,1.0,1.0
frame_000451.jpg,0.9088,1.0,1.0,0.9544
frame_000452.jpg,0.8214,1.0,1.0,0.9107
frame_000453.jpg,0.9106,1.0,1.0,0.9553
frame_000454.jpg,0.8899,1.0,1.0,0.945
frame_000455.jpg,0.7785,1.0,1.0,0.8893
frame_000456.jpg,0.695,1.0,1.0,0.8475
frame_000457.jpg,0.4444,1.0,1.0,0.7222
frame_000458.jpg,0.4725,1.0,1.0,0.7363
frame_000459.jpg,0.8753,1.0,1.0,0.9376
frame_000460.jpg,1.0,1.0,1.0,1.0
frame_000461.jpg,0.9729,1.0,1.0,0.9864
frame_000462.jpg,1.0,1.0,1.0,1.0
frame_000463.jpg,0.8668,1.0,1.0,0.9334
frame_000464.jpg,0.8423,1.0,1.0,0.9212
frame_000465.jpg,1.0,1.0,1.0,1.0
frame_000466.jpg,1.0,1.0,1.0,1.0
frame_000467.jpg,0.9309,1.0,1.0,0.9654
frame_000468.jpg,0.0836,1.0,1.0,0.5418
frame_000469.jpg,0.8058,1.0,1.0,0.9029
frame_000470.jpg,1.0,1.0,1.0,1.0
frame_000471.jpg,1.0,1.0,1.0,1.0
frame_000472.jpg,1.0,1.0,1.0,1.0
frame_000473.jpg,1.0,1.0,1.0,1.0
frame_000474.jpg,1.0,1.0,1.0,1.0
frame_000475.jpg,1.0,1.0,1.0,1.0
frame_000476.jpg,1.0,1.0,1.0,1.0
frame_000477.jpg,1.0,1.0,1.0,1.0
frame_000478.jpg,1.0,1.0,1.0,1.0
frame_000479.jpg,1.0,1.0,1.0,1.0
frame_000480.jpg,1.0,1.0,1.0,1.0
frame_000481.jpg,1.0,1.0,1.0,1.0
frame_000482.jpg,0.7421,1.0,1.0,0.871
frame_000483.jpg,0.8325,1.0,1.0,0.9162
frame_000484.jpg,1.0,1.0,1.0,1.0
frame_000485.jpg,1.0,1.0,1.0,1.0
frame_000486.jpg,1.0,1.0,1.0,1.0
frame_000487.jpg,1.0,1.0,1.0,1.0
frame_000488.jpg,1.0,1.0,1.0,1.0
frame_000489.jpg,1.0,1.0,1.0,1.0
frame_000490.jpg,1.0,1.0,1.0,1.0
frame_000491.jpg,1.0,1.0,1.0,1.0
frame_000492.jpg,1.0,1.0,1.0,1.0
frame_000493.jpg,1.0,1.0,1.0,1.0
frame_000494.jpg,0.9566,1.0,1.0,0.9783
frame_000495.jpg,1.0,1.0,1.0,1.0
frame_000496.jpg,1.0,1.0,1.0,1.0
frame_000497.jpg,1.0,1.0,1.0,1.0
frame_000498.jpg,1.0,1.0,1.0,1.0
frame_000499.jpg,1.0,1.0,1.0,1.0
frame_000500.jpg,0.8574,1.0,1.0,0.9287
frame_000501.jpg,1.0,1.0,1.0,1.0
frame_000502.jpg,1.0,1.0,1.0,1.0
frame_000503.jpg,0.9277,1.0,1.0,0.9638
frame_000504.jpg,1.0,1.0,1.0,1.0
frame_000505.jpg,0.7277,1.0,1.0,0.8638
frame_000506.jpg,0.4232,1.0,1.0,0.7116
frame_000507.jpg,0.6584,1.0,1.0,0.8292
frame_000508.jpg,0.7612,1.0,1.0,0.8806
frame_000509.jpg,0.7043,1.0,1.0,0.8522
frame_000510.jpg,0.612,1.0,1.0,0.806
frame_000511.jpg,0.4755,1.0,1.0,0.7378
frame_000512.jpg,0.2908,1.0,1.0,0.6454
frame_000513.jpg,0.2315,1.0,1.0,0.6157
frame_000514.jpg,0.4052,1.0,1.0,0.7026
frame_000515.jpg,0.6684,1.0,1.0,0.8342
frame_000516.jpg,0.7597,1.0,1.0,0.8799
frame_000517.jpg,0.561,1.0,1.0,0.7805
frame_000518.jpg,0.312,1.0,1.0,0.656
frame_000519.jpg,0.4678,1.0,1.0,0.7339
frame_000520.jpg,0.7534,1.0,1.0,0.8767
frame_000521.jpg,0.8004,1.0,1.0,0.9002
frame_000522.jpg,0.4297,1.0,1.0,0.7149
frame_000523.jpg,0.4828,1.0,1.0,0.7414
frame_000524.jpg,0.7638,1.0,1.0,0.8819
frame_000525.jpg,0.8983,1.0,1.0,0.9491
frame_000526.jpg,0.871,1.0,1.0,0.9355
frame_000527.jpg,0.6145,1.0,1.0,0.8073
frame_000528.jpg,0.4503,1.0,1.0,0.7252
frame_000529.jpg,0.515,1.0,1.0,0.7575
frame_000530.jpg,0.7506,1.0,1.0,0.8753
frame_000531.jpg,0.8139,1.0,1.0,0.907
frame_000532.jpg,0.8722,1.0,1.0,0.9361
frame_000533.jpg,0.5685,1.0,1.0,0.7843
frame_000534.jpg,0.5164,1.0,1.0,0.7582
frame_000535.jpg,0.5862,1.0,1.0,0.7931
frame_000536.jpg,0.8081,1.0,1.0,0.9041
frame_000537.jpg,0.891,1.0,1.0,0.9455
frame_000538.jpg,0.8454,1.0,1.0,0.9227
frame_000539.jpg,0.6725,1.0,1.0,0.8362
frame_000540.jpg,0.481,1.0,1.0,0.7405
frame_000541.jpg,0.6927,1.0,1.0,0.8463
frame_000542.jpg,0.8943,1.0,1.0,0.9472
frame_000543.jpg,0.8369,1.0,1.0,0.9185
frame_000544.jpg,0.7662,1.0,1.0,0.8831
frame_000545.jpg,0.6984,1.0,1.0,0.8492
frame_000546.jpg,0.6902,1.0,1.0,0.8451
frame_000547.jpg,0.684,1.0,1.0,0.842
frame_000548.jpg,0.7549,1.0,1.0,0.8774
frame_000549.jpg,0.9033,1.0,1.0,0.9517
frame_000550.jpg,0.9882,1.0,1.0,0.9941
frame_000551.jpg,1.0,1.0,1.0,1.0
frame_000552.jpg,1.0,1.0,1.0,1.0
frame_000553.jpg,0.9238,1.0,1.0,0.9619
frame_000554.jpg,0.703,1.0,1.0,0.8515
frame_000555.jpg,0.716,1.0,1.0,0.858
frame_000556.jpg,0.8719,1.0,1.0,0.936
frame_000557.jpg,0.9527,1.0,1.0,0.9764
frame_000558.jpg,0.8895,1.0,1.0,0.9448
frame_000559.jpg,0.8027,1.0,1.0,0.9014
frame_000560.jpg,0.8968,1.0,1.0,0.9484
frame_000561.jpg,0.8671,1.0,1.0,0.9336
frame_000562.jpg,0.6679,1.0,1.0,0.8339
frame_000563.jpg,0.8126,1.0,1.0,0.9063
frame_000564.jpg,0.9236,1.0,1.0,0.9618
frame_000565.jpg,0.9482,1.0,1.0,0.9741
frame_000566.jpg,0.4432,1.0,1.0,0.7216
frame_000567.jpg,0.3925,1.0,1.0,0.6962
frame_000568.jpg,0.7635,1.0,1.0,0.8817
frame_000569.jpg,1.0,1.0,1.0,1.0
frame_000570.jpg,1.0,1.0,1.0,1.0
frame_000571.jpg,0.9887,1.0,1.0,0.9943
frame_000572.jpg,0.8673,1.0,1.0,0.9336
frame_000573.jpg,0.9277,1.0,1.0,0.9639
frame_000574.jpg,1.0,1.0,1.0,1.0
frame_000575.jpg,1.0,1.0,1.0,1.0
frame_000576.jpg,1.0,1.0,1.0,1.0
frame_000577.jpg,1.0,1.0,1.0,1.0
frame_000578.jpg,1.0,1.0,1.0,1.0
frame_000579.jpg,1.0,1.0,1.0,1.0
frame_000580.jpg,0.9918,1.0,1.0,0.9959
frame_000581.jpg,1.0,1.0,1.0,1.0
frame_000582.jpg,1.0,1.0,1.0,1.0
frame_000583.jpg,1.0,1.0,1.0,1.0
frame_000584.jpg,1.0,1.0,1.0,1.0
frame_000585.jpg,1.0,1.0,1.0,1.0
frame_000586.jpg,1.0,1.0,1.0,1.0
frame_000587.jpg,1.0,1.0,1.0,1.0
frame_000588.jpg,1.0,1.0,1.0,1.0
frame_000589.jpg,1.0,1.0,1.0,1.0
frame_000590.jpg,1.0,1.0,1.0,1.0
frame_000591.jpg,1.0,1.0,1.0,1.0
frame_000592.jpg,1.0,1.0,1.0,1.0
frame_000593.jpg,1.0,1.0,1.0,1.0
frame_000594.jpg,1.0,1.0,1.0,1.0
frame_000595.jpg,1.0,1.0,1.0,1.0
frame_000596.jpg,1.0,1.0,1.0,1.0
frame_000597.jpg,1.0,1.0,0.986,0.9972
frame_000598.jpg,1.0,1.0,0.9956,0.9991
frame_000599.jpg,1.0,1.0,0.9804,0.9961
frame_000600.jpg,1.0,1.0,0.9445,0.9889
frame_000601.jpg,1.0,1.0,0.8978,0.9796
frame_000602.jpg,1.0,1.0,0.9008,0.9802
frame_000603.jpg,1.0,1.0,0.8922,0.9784
frame_000604.jpg,1.0,1.0,0.887,0.9774
frame_000605.jpg,1.0,1.0,0.8997,0.9799
frame_000606.jpg,1.0,1.0,0.9479,0.9896
frame_000607.jpg,1.0,1.0,0.9954,0.9991
frame_000608.jpg,1.0,1.0,0.9971,0.9994
frame_000609.jpg,1.0,1.0,1.0,1.0
frame_000610.jpg,1.0,1.0,0.9759,0.9952
frame_000611.jpg,1.0,1.0,0.9815,0.9963
frame_000612.jpg,1.0,1.0,1.0,1.0
frame_000613.jpg,1.0,1.0,1.0,1.0
frame_000614.jpg,1.0,1.0,0.9892,0.9978
frame_000615.jpg,1.0,1.0,0.9525,0.9905
frame_000616.jpg,1.0,1.0,0.966,0.9932
frame_000617.jpg,1.0,1.0,0.9667,0.9933
frame_000618.jpg,0.8361,1.0,1.0,0.9181
frame_000619.jpg,0.5684,1.0,1.0,0.7842
frame_000620.jpg,1.0,1.0,1.0,1.0
frame_000621.jpg,1.0,1.0,1.0,1.0
frame_000622.jpg,1.0,1.0,1.0,1.0
frame_000623.jpg,1.0,1.0,1.0,1.0
frame_000624.jpg,1.0,1.0,1.0,1.0
frame_000625.jpg,1.0,1.0,1.0,1.0
frame_000626.jpg,1.0,1.0,1.0,1.0
frame_000627.jpg,1.0,1.0,1.0,1.0
frame_000628.jpg,1.0,1.0,1.0,1.0
frame_000629.jpg,1.0,1.0,1.0,1.0
frame_000630.jpg,1.0,1.0,1.0,1.0
frame_000631.jpg,1.0,1.0,1.0,1.0
frame_000632.jpg,1.0,1.0,1.0,1.0
frame_000633.jpg,1.0,1.0,1.0,1.0
frame_000634.jpg,1.0,1.0,1.0,1.0
frame_000635.jpg,1.0,1.0,1.0,1.0
frame_000636.jpg,0.992,1.0,1.0,0.996
frame_000637.jpg,0.9787,1.0,1.0,0.9894
frame_000638.jpg,1.0,1.0,1.0,1.0
frame_000639.jpg,1.0,1.0,1.0,1.0
frame_000640.jpg,1.0,1.0,1.0,1.0
frame_000641.jpg,1.0,1.0,1.0,1.0
frame_000642.jpg,1.0,1.0,1.0,1.0
frame_000643.jpg,0.8067,1.0,1.0,0.9033
frame_000644.jpg,0.6981,1.0,1.0,0.849
frame_000645.jpg,0.9617,1.0,1.0,0.9808
frame_000646.jpg,1.0,1.0,1.0,1.0
frame_000647.jpg,0.9017,1.0,1.0,0.9508
frame_000648.jpg,0.8755,1.0,1.0,0.9378
frame_000649.jpg,1.0,1.0,1.0,1.0
frame_000650.jpg,1.0,1.0,1.0,1.0
frame_000651.jpg,1.0,1.0,1.0,1.0
frame_000652.jpg,1.0,1.0,1.0,1.0
frame_000653.jpg,0.9929,1.0,1.0,0.9964
frame_000654.jpg,1.0,1.0,1.0,1.0
frame_000655.jpg,1.0,1.0,1.0,1.0
frame_000656.jpg,1.0,1.0,1.0,1.0
frame_000657.jpg,1.0,1.0,1.0,1.0
frame_000658.jpg,1.0,1.0,1.0,1.0
frame_000659.jpg,1.0,1.0,1.0,1.0
frame_000660.jpg,1.0,1.0,1.0,1.0
frame_000661.jpg,1.0,1.0,1.0,1.0
frame_000662.jpg,1.0,1.0,1.0,1.0
frame_000663.jpg,1.0,1.0,1.0,1.0
frame_000664.jpg,0.9939,1.0,1.0,0.997
frame_000665.jpg,1.0,1.0,1.0,1.0
frame_000666.jpg,0.7176,1.0,1.0,0.8588
frame_000667.jpg,0.6131,1.0,1.0,0.8066
frame_000668.jpg,0.8707,1.0,1.0,0.9354
frame_000669.jpg,1.0,1.0,1.0,1.0
frame_000670.jpg,1.0,1.0,1.0,1.0
frame_000671.jpg,1.0,1.0,1.0,1.0
frame_000672.jpg,1.0,1.0,1.0,1.0
frame_000673.jpg,1.0,1.0,1.0,1.0
frame_000674.jpg,1.0,1.0,1.0,1.0
frame_000675.jpg,1.0,1.0,1.0,1.0
frame_000676.jpg,1.0,1.0,1.0,1.0
frame_000677.jpg,1.0,1.0,1.0,1.0
frame_000678.jpg,0.8215,1.0,1.0,0.9107
frame_000679.jpg,0.7506,1.0,1.0,0.8753
frame_000680.jpg,1.0,1.0,1.0,1.0
frame_000681.jpg,1.0,1.0,1.0,1.0
frame_000682.jpg,1.0,1.0,1.0,1.0
frame_000683.jpg,1.0,1.0,1.0,1.0
frame_000684.jpg,1.0,1.0,1.0,1.0
frame_000685.jpg,1.0,1.0,1.0,1.0
frame_000686.jpg,1.0,1.0,1.0,1.0
frame_000687.jpg,1.0,1.0,1.0,1.0
frame_000688.jpg,1.0,1.0,1.0,1.0
frame_000689.jpg,1.0,1.0,1.0,1.0
frame_000690.jpg,1.0,1.0,1.0,1.0
frame_000691.jpg,1.0,1.0,1.0,1.0
frame_000692.jpg,1.0,1.0,1.0,1.0
frame_000693.jpg,0.6831,1.0,1.0,0.8416
frame_000694.jpg,0.9069,1.0,1.0,0.9534
frame_000695.jpg,1.0,1.0,1.0,1.0
frame_000696.jpg,0.8434,1.0,1.0,0.9217
frame_000697.jpg,1.0,1.0,1.0,1.0
frame_000698.jpg,0.2491,1.0,1.0,0.6245
frame_000699.jpg,0.1978,1.0,1.0,0.5989
frame_000700.jpg,1.0,1.0,1.0,1.0
frame_000701.jpg,0.6229,1.0,1.0,0.8114
frame_000702.jpg,1.0,1.0,1.0,1.0
frame_000703.jpg,0.5152,1.0,1.0,0.7576
frame_000704.jpg,0.0909,1.0,1.0,0.5455
frame_000705.jpg,0.6795,1.0,1.0,0.8398
frame_000706.jpg,0.7584,1.0,1.0,0.8792
frame_000707.jpg,0.6541,1.0,1.0,0.827
frame_000708.jpg,1.0,1.0,1.0,1.0
frame_000709.jpg,1.0,1.0,1.0,1.0
frame_000710.jpg,0.7052,1.0,1.0,0.8526
frame_000711.jpg,1.0,1.0,1.0,1.0
frame_000712.jpg,0.5866,1.0,1.0,0.7933
frame_000713.jpg,0.765,1.0,1.0,0.8825
frame_000714.jpg,0.9179,1.0,1.0,0.959
frame_000715.jpg,0.3742,1.0,1.0,0.6871
frame_000716.jpg,0.4985,1.0,1.0,0.7493
frame_000717.jpg,0.874,1.0,1.0,0.937
frame_000718.jpg,1.0,1.0,1.0,1.0
frame_000719.jpg,0.694,1.0,1.0,0.847
frame_000720.jpg,0.5034,1.0,1.0,0.7517
frame_000721.jpg,0.8516,1.0,1.0,0.9258
frame_000722.jpg,1.0,1.0,1.0,1.0
frame_000723.jpg,0.9984,1.0,1.0,0.9992
frame_000724.jpg,0.9552,1.0,1.0,0.9776
frame_000725.jpg,1.0,1.0,1.0,1.0
frame_000726.jpg,1.0,1.0,1.0,1.0
frame_000727.jpg,1.0,1.0,1.0,1.0
frame_000728.jpg,1.0,1.0,1.0,1.0
frame_000729.jpg,1.0,1.0,1.0,1.0
frame_000730.jpg,0.7583,1.0,1.0,0.8791
frame_000731.jpg,0.4977,1.0,1.0,0.7489
frame_000732.jpg,0.6614,1.0,1.0,0.8307
frame_000733.jpg,1.0,1.0,1.0,1.0
frame_000734.jpg,1.0,1.0,1.0,1.0
frame_000735.jpg,1.0,1.0,1.0,1.0
frame_000736.jpg,0.7873,1.0,1.0,0.8937
frame_000737.jpg,0.2197,1.0,1.0,0.6098
frame_000738.jpg,0.8846,1.0,1.0,0.9423
frame_000739.jpg,1.0,1.0,1.0,1.0
frame_000740.jpg,1.0,1.0,1.0,1.0
frame_000741.jpg,1.0,1.0,1.0,1.0
frame_000742.jpg,1.0,1.0,1.0,1.0
frame_000743.jpg,1.0,1.0,1.0,1.0
frame_000744.jpg,1.0,1.0,1.0,1.0
frame_000745.jpg,0.7442,1.0,1.0,0.8721
frame_000746.jpg,0.8967,1.0,1.0,0.9483
frame_000747.jpg,1.0,1.0,1.0,1.0
frame_000748.jpg,1.0,1.0,1.0,1.0
frame_000749.jpg,1.0,1.0,1.0,1.0
frame_000750.jpg,1.0,1.0,1.0,1.0
frame_000751.jpg,0.1385,1.0,1.0,0.5692
frame_000752.jpg,0.2149,1.0,1.0,0.6074
frame_000753.jpg,1.0,1.0,1.0,1.0
frame_000754.jpg,1.0,1.0,1.0,1.0
frame_000755.jpg,1.0,1.0,1.0,1.0
frame_000756.jpg,1.0,1.0,1.0,1.0
frame_000757.jpg,0.7385,1.0,1.0,0.8692
frame_000758.jpg,0.7289,1.0,1.0,0.8645
frame_000759.jpg,1.0,1.0,1.0,1.0
frame_000760.jpg,1.0,1.0,1.0,1.0
frame_000761.jpg,1.0,1.0,1.0,1.0
frame_000762.jpg,1.0,1.0,1.0,1.0
frame_000763.jpg,1.0,1.0,1.0,1.0
frame_000764.jpg,1.0,1.0,1.0,1.0
frame_000765.jpg,1.0,1.0,1.0,1.0
frame_000766.jpg,1.0,1.0,1.0,1.0
frame_000767.jpg,1.0,1.0,1.0,1.0
frame_000768.jpg,1.0,1.0,1.0,1.0
frame_000769.jpg,0.8799,1.0,1.0,0.94
frame_000770.jpg,1.0,1.0,1.0,1.0
frame_000771.jpg,1.0,1.0,1.0,1.0
frame_000772.jpg,1.0,1.0,1.0,1.0
frame_000773.jpg,0.8925,1.0,1.0,0.9463
frame_000774.jpg,0.5023,1.0,1.0,0.7511
frame_000775.jpg,0.8836,1.0,1.0,0.9418
frame_000776.jpg,1.0,1.0,1.0,1.0
frame_000777.jpg,1.0,1.0,1.0,1.0
frame_000778.jpg,1.0,1.0,1.0,1.0
frame_000779.jpg,0.5373,1.0,1.0,0.7687
frame_000780.jpg,0.3535,1.0,1.0,0.6767
frame_000781.jpg,1.0,1.0,1.0,1.0
frame_000782.jpg,1.0,1.0,1.0,1.0
frame_000783.jpg,1.0,1.0,1.0,1.0
frame_000784.jpg,1.0,1.0,1.0,1.0
frame_000785.jpg,0.8374,1.0,1.0,0.9187
frame_000786.jpg,0.9522,1.0,1.0,0.9761
frame_000787.jpg,1.0,1.0,1.0,1.0
frame_000788.jpg,1.0,1.0,1.0,1.0
frame_000789.jpg,1.0,1.0,1.0,1.0
frame_000790.jpg,1.0,1.0,1.0,1.0
frame_000791.jpg,1.0,1.0,1.0,1.0
frame_000792.jpg,1.0,1.0,1.0,1.0
frame_000793.jpg,1.0,1.0,1.0,1.0
frame_000794.jpg,1.0,1.0,1.0,1.0
frame_000795.jpg,1.0,1.0,1.0,1.0
frame_000796.jpg,1.0,1.0,1.0,1.0
frame_000797.jpg,1.0,1.0,1.0,1.0
frame_000798.jpg,1.0,1.0,1.0,1.0
frame_000799.jpg,1.0,1.0,1.0,1.0
frame_000800.jpg,0.7868,1.0,1.0,0.8934
frame_000801.jpg,0.6072,1.0,1.0,0.8036
frame_000802.jpg,0.7129,1.0,1.0,0.8564
frame_000803.jpg,1.0,1.0,1.0,1.0
frame_000804.jpg,1.0,1.0,1.0,1.0
frame_000805.jpg,1.0,1.0,1.0,1.0
frame_000806.jpg,0.886,1.0,1.0,0.943
frame_000807.jpg,0.8256,1.0,1.0,0.9128
frame_000808.jpg,1.0,1.0,1.0,1.0
frame_000809.jpg,0.7478,1.0,1.0,0.8739
frame_000810.jpg,1.0,1.0,1.0,1.0
frame_000811.jpg,1.0,1.0,1.0,1.0
frame_000812.jpg,1.0,1.0,1.0,1.0
frame_000813.jpg,1.0,1.0,1.0,1.0
frame_000814.jpg,1.0,1.0,1.0,1.0
frame_000815.jpg,1.0,1.0,1.0,1.0
frame_000816.jpg,1.0,1.0,1.0,1.0
frame_000817.jpg,0.9286,1.0,1.0,0.9643
frame_000818.jpg,1.0,1.0,1.0,1.0
frame_000819.jpg,1.0,1.0,1.0,1.0
frame_000820.jpg,0.7064,1.0,1.0,0.8532
frame_000821.jpg,1.0,1.0,1.0,1.0
frame_000822.jpg,1.0,1.0,1.0,1.0
frame_000823.jpg,1.0,1.0,1.0,1.0
frame_000824.jpg,1.0,1.0,1.0,1.0
frame_000825.jpg,1.0,1.0,1.0,1.0
frame_000826.jpg,1.0,1.0,1.0,1.0
frame_000827.jpg,0.7395,1.0,1.0,0.8697
frame_000828.jpg,1.0,1.0,1.0,1.0
frame_000829.jpg,1.0,1.0,0.9351,0.987
frame_000830.jpg,0.6912,1.0,0.9478,0.8352
frame_000831.jpg,0.6677,1.0,0.9109,0.816
frame_000832.jpg,0.9831,1.0,0.8232,0.9562
frame_000833.jpg,1.0,1.0,0.8224,0.9645
frame_000834.jpg,0.8854,1.0,0.9073,0.9242
frame_000835.jpg,0.8616,1.0,0.9389,0.9186
frame_000836.jpg,0.7739,1.0,0.9651,0.88
frame_000837.jpg,0.547,1.0,1.0,0.7735
frame_000838.jpg,0.2724,1.0,0.9906,0.6343
frame_000839.jpg,0.3965,1.0,0.9326,0.6848
frame_000840.jpg,0.8809,1.0,0.8384,0.9081
frame_000841.jpg,1.0,1.0,0.8241,0.9648
frame_000842.jpg,0.893,1.0,0.8415,0.9148
frame_000843.jpg,0.6622,1.0,0.9207,0.8152
frame_000844.jpg,0.5826,1.0,0.9464,0.7806
frame_000845.jpg,0.8506,1.0,0.9027,0.9058
frame_000846.jpg,1.0,1.0,0.8903,0.9781
frame_000847.jpg,1.0,1.0,0.9226,0.9845
frame_000848.jpg,1.0,1.0,0.9605,0.9921
frame_000849.jpg,0.7838,1.0,1.0,0.8919
frame_000850.jpg,0.2427,1.0,1.0,0.6213
frame_000851.jpg,0.9219,1.0,1.0,0.9609
frame_000852.jpg,1.0,1.0,1.0,1.0
frame_000853.jpg,1.0,1.0,1.0,1.0
frame_000854.jpg,1.0,1.0,1.0,1.0
frame_000855.jpg,1.0,1.0,1.0,1.0
frame_000856.jpg,1.0,1.0,1.0,1.0
frame_000857.jpg,1.0,1.0,1.0,1.0
frame_000858.jpg,1.0,1.0,1.0,1.0
frame_000859.jpg,1.0,1.0,1.0,1.0
frame_000860.jpg,1.0,1.0,1.0,1.0
frame_000861.jpg,1.0,1.0,1.0,1.0
frame_000862.jpg,1.0,1.0,1.0,1.0
frame_000863.jpg,1.0,1.0,1.0,1.0
frame_000864.jpg,1.0,1.0,1.0,1.0
frame_000865.jpg,1.0,1.0,1.0,1.0
frame_000866.jpg,1.0,1.0,1.0,1.0
frame_000867.jpg,0.7307,1.0,1.0,0.8654
frame_000868.jpg,0.7418,1.0,1.0,0.8709
frame_000869.jpg,0.8367,1.0,1.0,0.9183
frame_000870.jpg,0.5884,1.0,1.0,0.7942
frame_000871.jpg,0.6489,1.0,1.0,0.8244
frame_000872.jpg,0.7023,1.0,1.0,0.8511
frame_000873.jpg,0.2875,1.0,1.0,0.6438
frame_000874.jpg,0.246,1.0,1.0,0.623
frame_000875.jpg,0.6234,1.0,1.0,0.8117
frame_000876.jpg,0.7245,1.0,1.0,0.8622
frame_000877.jpg,0.7911,1.0,1.0,0.8956
frame_000878.jpg,0.7357,1.0,1.0,0.8678
frame_000879.jpg,0.7512,1.0,1.0,0.8756
frame_000880.jpg,0.8264,1.0,1.0,0.9132
frame_000881.jpg,0.8576,1.0,1.0,0.9288
frame_000882.jpg,0.813,1.0,1.0,0.9065
frame_000883.jpg,0.7336,1.0,1.0,0.8668
frame_000884.jpg,0.4265,1.0,1.0,0.7133
frame_000885.jpg,0.4275,1.0,1.0,0.7138
frame_000886.jpg,0.7359,1.0,1.0,0.868
frame_000887.jpg,0.8701,1.0,1.0,0.9351
frame_000888.jpg,0.659,1.0,1.0,0.8295
frame_000889.jpg,0.4402,1.0,1.0,0.7201
frame_000890.jpg,0.3652,1.0,1.0,0.6826
frame_000891.jpg,0.3605,1.0,1.0,0.6803
frame_000892.jpg,0.737,1.0,1.0,0.8685
frame_000893.jpg,0.7713,1.0,1.0,0.8856
frame_000894.jpg,0.8205,1.0,1.0,0.9103
frame_000895.jpg,0.777,1.0,1.0,0.8885
frame_000896.jpg,0.6213,1.0,1.0,0.8106
frame_000897.jpg,0.3826,1.0,1.0,0.6913
frame_000898.jpg,0.5326,1.0,1.0,0.7663
frame_000899.jpg,0.599,1.0,1.0,0.7995
frame_000900.jpg,0.5129,1.0,1.0,0.7565
frame_000901.jpg,0.5337,1.0,1.0,0.7668
frame_000902.jpg,0.6143,1.0,1.0,0.8071
frame_000903.jpg,0.3838,1.0,1.0,0.6919
frame_000904.jpg,0.3455,1.0,1.0,0.6728
frame_000905.jpg,0.6318,1.0,1.0,0.8159
frame_000906.jpg,0.7146,1.0,1.0,0.8573
frame_000907.jpg,0.5551,1.0,1.0,0.7775
frame_000908.jpg,0.55,1.0,1.0,0.775
frame_000909.jpg,0.8185,1.0,1.0,0.9093
frame_000910.jpg,0.9689,1.0,1.0,0.9845
frame_000911.jpg,0.9533,1.0,1.0,0.9767
frame_000912.jpg,1.0,1.0,1.0,1.0
frame_000913.jpg,0.8323,1.0,1.0,0.9161
frame_000914.jpg,0.8372,1.0,1.0,0.9186
frame_000915.jpg,1.0,1.0,1.0,1.0
frame_000916.jpg,1.0,1.0,0.8558,0.9712
frame_000917.jpg,0.9543,1.0,0.8054,0.9382
frame_000918.jpg,1.0,1.0,0.8664,0.9733
frame_000919.jpg,0.318,1.0,1.0,0.659
frame_000920.jpg,0.1698,1.0,1.0,0.5849
frame_000921.jpg,0.7325,1.0,1.0,0.8663
frame_000922.jpg,1.0,1.0,1.0,1.0
frame_000923.jpg,1.0,1.0,0.9199,0.984
frame_000924.jpg,1.0,1.0,0.914,0.9828
frame_000925.jpg,1.0,1.0,0.9288,0.9858
frame_000926.jpg,1.0,1.0,0.954,0.9908
frame_000927.jpg,1.0,1.0,0.9449,0.989
frame_000928.jpg,1.0,1.0,0.9089,0.9818
frame_000929.jpg,1.0,1.0,0.9031,0.9806
frame_000930.jpg,1.0,1.0,0.9425,0.9885
frame_000931.jpg,0.9338,1.0,0.9503,0.957
frame_000932.jpg,1.0,1.0,0.8987,0.9797
frame_000933.jpg,1.0,1.0,0.8483,0.9697
frame_000934.jpg,1.0,1.0,0.8487,0.9697
frame_000935.jpg,1.0,1.0,0.8796,0.9759
frame_000936.jpg,0.8322,1.0,0.8734,0.8908
frame_000937.jpg,0.9977,1.0,0.8111,0.9611
frame_000938.jpg,1.0,1.0,0.723,0.9446
frame_000939.jpg,1.0,1.0,0.7067,0.9413
frame_000940.jpg,1.0,1.0,0.798,0.9596
frame_000941.jpg,0.8086,1.0,0.9227,0.8888
frame_000942.jpg,0.809,1.0,1.0,0.9045
frame_000943.jpg,1.0,1.0,0.9897,0.9979
frame_000944.jpg,1.0,1.0,0.9693,0.9939
frame_000945.jpg,1.0,1.0,1.0,1.0
frame_000946.jpg,1.0,1.0,1.0,1.0
frame_000947.jpg,1.0,1.0,1.0,1.0
frame_000948.jpg,1.0,1.0,1.0,1.0
frame_000949.jpg,1.0,1.0,1.0,1.0
frame_000950.jpg,0.991,1.0,1.0,0.9955
frame_000951.jpg,0.8919,1.0,1.0,0.946
frame_000952.jpg,0.9819,1.0,1.0,0.9909
frame_000953.jpg,1.0,1.0,1.0,1.0
frame_000954.jpg,1.0,1.0,1.0,1.0
frame_000955.jpg,1.0,1.0,1.0,1.0
frame_000956.jpg,1.0,1.0,1.0,1.0
frame_000957.jpg,1.0,1.0,1.0,1.0
frame_000958.jpg,1.0,1.0,1.0,1.0
frame_000959.jpg,1.0,1.0,1.0,1.0
frame_000960.jpg,1.0,1.0,1.0,1.0
frame_000961.jpg,1.0,1.0,1.0,1.0
frame_000962.jpg,1.0,1.0,1.0,1.0
frame_000963.jpg,1.0,1.0,1.0,1.0
frame_000964.jpg,1.0,1.0,1.0,1.0
frame_000965.jpg,1.0,1.0,1.0,1.0
frame_000966.jpg,1.0,1.0,1.0,1.0
frame_000967.jpg,1.0,1.0,1.0,1.0
frame_000968.jpg,1.0,1.0,1.0,1.0
frame_000969.jpg,1.0,1.0,1.0,1.0
frame_000970.jpg,1.0,1.0,1.0,1.0
frame_000971.jpg,1.0,1.0,1.0,1.0
frame_000972.jpg,1.0,1.0,1.0,1.0
frame_000973.jpg,0.8049,1.0,1.0,0.9024
frame_000974.jpg,0.7551,1.0,1.0,0.8775
frame_000975.jpg,1.0,1.0,1.0,1.0
frame_000976.jpg,1.0,1.0,1.0,1.0
frame_000977.jpg,1.0,1.0,1.0,1.0
frame_000978.jpg,0.9422,1.0,1.0,0.9711
frame_000979.jpg,1.0,1.0,1.0,1.0
frame_000980.jpg,0.9793,1.0,1.0,0.9897
frame_000981.jpg,1.0,1.0,1.0,1.0
frame_000982.jpg,1.0,1.0,1.0,1.0
frame_000983.jpg,1.0,1.0,1.0,1.0
frame_000984.jpg,0.4401,1.0,1.0,0.72
frame_000985.jpg,0.3115,1.0,1.0,0.6558
frame_000986.jpg,0.8654,1.0,1.0,0.9327
frame_000987.jpg,0.3252,1.0,1.0,0.6626
frame_000988.jpg,0.7928,1.0,1.0,0.8964
frame_000989.jpg,0.8306,1.0,1.0,0.9153
frame_000990.jpg,0.4712,1.0,1.0,0.7356
frame_000991.jpg,0.3985,1.0,1.0,0.6992
frame_000992.jpg,1.0,1.0,1.0,1.0
frame_000993.jpg,1.0,1.0,1.0,1.0
frame_000994.jpg,1.0,1.0,1.0,1.0
frame_000995.jpg,1.0,1.0,1.0,1.0
frame_000996.jpg,1.0,1.0,1.0,1.0
frame_000997.jpg,1.0,1.0,1.0,1.0
frame_000998.jpg,1.0,1.0,1.0,1.0
frame_000999.jpg,1.0,1.0,1.0,1.0
frame_001000.jpg,1.0,1.0,1.0,1.0
frame_001001.jpg,1.0,1.0,1.0,1.0
frame_001002.jpg,1.0,1.0,1.0,1.0
frame_001003.jpg,1.0,1.0,1.0,1.0
frame_001004.jpg,1.0,1.0,1.0,1.0
frame_001005.jpg,1.0,1.0,1.0,1.0
frame_001006.jpg,1.0,1.0,1.0,1.0
frame_001007.jpg,1.0,1.0,1.0,1.0
frame_001008.jpg,1.0,1.0,1.0,1.0
frame_001009.jpg,1.0,1.0,1.0,1.0
frame_001010.jpg,1.0,1.0,1.0,1.0
frame_001011.jpg,1.0,1.0,1.0,1.0
frame_001012.jpg,1.0,1.0,1.0,1.0
frame_001013.jpg,1.0,1.0,1.0,1.0
frame_001014.jpg,1.0,1.0,1.0,1.0
frame_001015.jpg,1.0,1.0,1.0,1.0
frame_001016.jpg,1.0,1.0,1.0,1.0
frame_001017.jpg,1.0,1.0,1.0,1.0
frame_001018.jpg,1.0,1.0,1.0,1.0
frame_001019.jpg,1.0,1.0,1.0,1.0
frame_001020.jpg,1.0,1.0,1.0,1.0
frame_001021.jpg,1.0,1.0,1.0,1.0
frame_001022.jpg,1.0,1.0,1.0,1.0
frame_001023.jpg,1.0,1.0,1.0,1.0
frame_001024.jpg,0.5919,1.0,1.0,0.796
frame_001025.jpg,0.5389,1.0,1.0,0.7695
frame_001026.jpg,1.0,1.0,1.0,1.0
frame_001027.jpg,1.0,1.0,1.0,1.0
frame_001028.jpg,0.9901,1.0,1.0,0.9951
frame_001029.jpg,1.0,1.0,1.0,1.0
frame_001030.jpg,0.996,1.0,1.0,0.998
frame_001031.jpg,1.0,1.0,1.0,1.0
frame_001032.jpg,1.0,1.0,1.0,1.0
frame_001033.jpg,1.0,1.0,1.0,1.0
frame_001034.jpg,1.0,1.0,1.0,1.0
frame_001035.jpg,1.0,1.0,1.0,1.0
frame_001036.jpg,1.0,1.0,1.0,1.0
frame_001037.jpg,1.0,1.0,1.0,1.0
frame_001038.jpg,1.0,1.0,1.0,1.0
frame_001039.jpg,0.7705,1.0,1.0,0.8853
frame_001040.jpg,0.795,1.0,1.0,0.8975
frame_001041.jpg,0.9787,1.0,1.0,0.9894
frame_001042.jpg,1.0,1.0,1.0,1.0
frame_001043.jpg,1.0,1.0,1.0,1.0
frame_001044.jpg,0.7623,1.0,1.0,0.8812
frame_001045.jpg,0.5686,1.0,1.0,0.7843
frame_001046.jpg,1.0,1.0,1.0,1.0
frame_001047.jpg,0.8501,1.0,1.0,0.925
frame_001048.jpg,1.0,1.0,1.0,1.0
frame_001049.jpg,1.0,1.0,1.0,1.0
frame_001050.jpg,0.7187,1.0,1.0,0.8594
frame_001051.jpg,0.9137,1.0,1.0,0.9569
frame_001052.jpg,1.0,1.0,1.0,1.0
frame_001053.jpg,0.9999,1.0,1.0,1.0
frame_001054.jpg,0.6481,1.0,1.0,0.824
frame_001055.jpg,0.1547,1.0,1.0,0.5774
frame_001056.jpg,0.3592,1.0,1.0,0.6796
frame_001057.jpg,1.0,1.0,1.0,1.0
frame_001058.jpg,0.7889,1.0,1.0,0.8944
frame_001059.jpg,1.0,1.0,1.0,1.0
frame_001060.jpg,1.0,1.0,1.0,1.0
frame_001061.jpg,1.0,1.0,1.0,1.0
frame_001062.jpg,1.0,1.0,1.0,1.0
frame_001063.jpg,1.0,1.0,1.0,1.0
frame_001064.jpg,0.9494,1.0,1.0,0.9747
frame_001065.jpg,0.6013,1.0,1.0,0.8006
frame_001066.jpg,0.6877,1.0,1.0,0.8438
frame_001067.jpg,1.0,1.0,1.0,1.0
frame_001068.jpg,1.0,1.0,1.0,1.0
frame_001069.jpg,1.0,1.0,1.0,1.0
frame_001070.jpg,0.9552,1.0,1.0,0.9776
frame_001071.jpg,1.0,1.0,0.9519,0.9904
frame_001072.jpg,1.0,1.0,0.9307,0.9861
frame_001073.jpg,1.0,1.0,0.9435,0.9887
frame_001074.jpg,1.0,1.0,0.9552,0.991
frame_001075.jpg,1.0,1.0,0.979,0.9958
frame_001076.jpg,0.7856,1.0,1.0,0.8928
frame_001077.jpg,0.641,1.0,1.0,0.8205
frame_001078.jpg,1.0,1.0,1.0,1.0
frame_001079.jpg,1.0,1.0,1.0,1.0
frame_001080.jpg,1.0,1.0,1.0,1.0
frame_001081.jpg,1.0,1.0,1.0,1.0
frame_001082.jpg,1.0,1.0,1.0,1.0
frame_001083.jpg,1.0,1.0,1.0,1.0
frame_001084.jpg,1.0,1.0,1.0,1.0
frame_001085.jpg,1.0,1.0,1.0,1.0
frame_001086.jpg,1.0,1.0,1.0,1.0
frame_001087.jpg,1.0,1.0,1.0,1.0
frame_001088.jpg,1.0,1.0,1.0,1.0
frame_001089.jpg,1.0,1.0,1.0,1.0
frame_001090.jpg,1.0,1.0,1.0,1.0
frame_001091.jpg,1.0,1.0,1.0,1.0
frame_001092.jpg,1.0,1.0,1.0,1.0
frame_001093.jpg,1.0,1.0,1.0,1.0
frame_001094.jpg,0.7548,1.0,1.0,0.8774
frame_001095.jpg,0.4562,1.0,1.0,0.7281
frame_001096.jpg,0.5782,1.0,1.0,0.7891
frame_001097.jpg,1.0,1.0,1.0,1.0
frame_001098.jpg,1.0,1.0,1.0,1.0
frame_001099.jpg,1.0,1.0,1.0,1.0
frame_001100.jpg,1.0,1.0,1.0,1.0
frame_001101.jpg,1.0,1.0,1.0,1.0
frame_001102.jpg,1.0,1.0,0.8943,0.9789
frame_001103.jpg,1.0,1.0,0.9286,0.9857
frame_001104.jpg,1.0,1.0,0.9496,0.9899
frame_001105.jpg,0.8642,1.0,1.0,0.9321
frame_001106.jpg,1.0,1.0,1.0,1.0
frame_001107.jpg,1.0,1.0,1.0,1.0
frame_001108.jpg,1.0,1.0,1.0,1.0
frame_001109.jpg,0.9226,1.0,1.0,0.9613
frame_001110.jpg,0.4124,1.0,1.0,0.7062
frame_001111.jpg,0.9156,1.0,1.0,0.9578
frame_001112.jpg,1.0,1.0,1.0,1.0
frame_001113.jpg,1.0,1.0,1.0,1.0
frame_001114.jpg,1.0,1.0,1.0,1.0
frame_001115.jpg,1.0,1.0,1.0,1.0
frame_001116.jpg,1.0,1.0,1.0,1.0
frame_001117.jpg,1.0,1.0,1.0,1.0
frame_001118.jpg,1.0,1.0,1.0,1.0
frame_001119.jpg,1.0,1.0,1.0,1.0
frame_001120.jpg,1.0,1.0,1.0,1.0
frame_001121.jpg,1.0,1.0,1.0,1.0
frame_001122.jpg,1.0,1.0,1.0,1.0
frame_001123.jpg,0.9773,1.0,1.0,0.9886
frame_001124.jpg,1.0,1.0,1.0,1.0
frame_001125.jpg,1.0,1.0,1.0,1.0
frame_001126.jpg,1.0,1.0,1.0,1.0
frame_001127.jpg,1.0,1.0,1.0,1.0
frame_001128.jpg,1.0,1.0,1.0,1.0
frame_001129.jpg,1.0,1.0,1.0,1.0
frame_001130.jpg,0.6665,1.0,1.0,0.8333
frame_001131.jpg,0.7656,1.0,1.0,0.8828
frame_001132.jpg,1.0,1.0,1.0,1.0
frame_001133.jpg,1.0,1.0,1.0,1.0
frame_001134.jpg,1.0,1.0,1.0,1.0
frame_001135.jpg,1.0,1.0,1.0,1.0
frame_001136.jpg,1.0,1.0,1.0,1.0
frame_001137.jpg,1.0,1.0,1.0,1.0
frame_001138.jpg,1.0,1.0,1.0,1.0
frame_001139.jpg,1.0,1.0,1.0,1.0
frame_001140.jpg,1.0,1.0,1.0,1.0
frame_001141.jpg,0.7,1.0,1.0,0.85
frame_001142.jpg,0.6821,1.0,1.0,0.8411
frame_001143.jpg,1.0,1.0,1.0,1.0
frame_001144.jpg,1.0,1.0,1.0,1.0
frame_001145.jpg,0.7495,1.0,1.0,0.8747
frame_001146.jpg,0.2389,1.0,1.0,0.6195
frame_001147.jpg,0.1866,1.0,1.0,0.5933
frame_001148.jpg,0.7089,1.0,1.0,0.8544
frame_001149.jpg,1.0,1.0,1.0,1.0
frame_001150.jpg,1.0,1.0,1.0,1.0
frame_001151.jpg,1.0,1.0,1.0,1.0
frame_001152.jpg,1.0,1.0,1.0,1.0
frame_001153.jpg,1.0,1.0,1.0,1.0
frame_001154.jpg,1.0,1.0,1.0,1.0
frame_001155.jpg,1.0,1.0,1.0,1.0
frame_001156.jpg,1.0,1.0,1.0,1.0
frame_001157.jpg,1.0,1.0,1.0,1.0
frame_001158.jpg,1.0,1.0,1.0,1.0
frame_001159.jpg,1.0,1.0,1.0,1.0
frame_001160.jpg,1.0,1.0,1.0,1.0
frame_001161.jpg,1.0,1.0,1.0,1.0
frame_001162.jpg,1.0,1.0,1.0,1.0
frame_001163.jpg,1.0,1.0,1.0,1.0
frame_001164.jpg,1.0,1.0,1.0,1.0
frame_001165.jpg,1.0,1.0,1.0,1.0
frame_001166.jpg,1.0,1.0,1.0,1.0
frame_001167.jpg,1.0,1.0,1.0,1.0
frame_001168.jpg,1.0,1.0,1.0,1.0
frame_001169.jpg,1.0,1.0,1.0,1.0
frame_001170.jpg,1.0,1.0,1.0,1.0
frame_001171.jpg,0.8412,1.0,1.0,0.9206
frame_001172.jpg,0.5194,1.0,1.0,0.7597
frame_001173.jpg,0.7453,1.0,1.0,0.8727
frame_001174.jpg,1.0,1.0,1.0,1.0
frame_001175.jpg,1.0,1.0,1.0,1.0
frame_001176.jpg,1.0,1.0,1.0,1.0
frame_001177.jpg,1.0,1.0,1.0,1.0
frame_001178.jpg,1.0,1.0,1.0,1.0
frame_001179.jpg,0.757,1.0,1.0,0.8785
frame_001180.jpg,0.4291,1.0,1.0,0.7145
frame_001181.jpg,0.5908,1.0,1.0,0.7954
frame_001182.jpg,1.0,1.0,1.0,1.0
frame_001183.jpg,1.0,1.0,1.0,1.0
frame_001184.jpg,0.6462,1.0,1.0,0.8231
frame_001185.jpg,0.3428,1.0,1.0,0.6714
frame_001186.jpg,0.4946,1.0,1.0,0.7473
frame_001187.jpg,0.9661,1.0,1.0,0.9831
frame_001188.jpg,1.0,1.0,1.0,1.0
frame_001189.jpg,1.0,1.0,1.0,1.0
frame_001190.jpg,0.7648,1.0,1.0,0.8824
frame_001191.jpg,0.9274,1.0,1.0,0.9637
frame_001192.jpg,1.0,1.0,1.0,1.0
frame_001193.jpg,0.8147,1.0,1.0,0.9073
frame_001194.jpg,0.5905,1.0,1.0,0.7952
frame_001195.jpg,0.7186,1.0,1.0,0.8593
frame_001196.jpg,0.9679,1.0,1.0,0.9839
frame_001197.jpg,1.0,1.0,1.0,1.0
frame_001198.jpg,0.998,1.0,1.0,0.999
frame_001199.jpg,1.0,1.0,1.0,1.0
frame_001200.jpg,1.0,1.0,1.0,1.0
frame_001201.jpg,1.0,1.0,1.0,1.0
frame_001202.jpg,1.0,1.0,1.0,1.0
frame_001203.jpg,1.0,1.0,1.0,1.0
frame_001204.jpg,0.8763,1.0,1.0,0.9381
frame_001205.jpg,0.891,1.0,1.0,0.9455
frame_001206.jpg,1.0,1.0,1.0,1.0
frame_001207.jpg,1.0,1.0,1.0,1.0
frame_001208.jpg,1.0,1.0,1.0,1.0
frame_001209.jpg,1.0,1.0,1.0,1.0
frame_001210.jpg,1.0,1.0,1.0,1.0
frame_001211.jpg,1.0,1.0,1.0,1.0
frame_001212.jpg,0.583,1.0,1.0,0.7915
frame_001213.jpg,0.8323,1.0,1.0,0.9161
frame_001214.jpg,1.0,1.0,0.9852,0.997
frame_001215.jpg,1.0,1.0,1.0,1.0
frame_001216.jpg,0.9779,1.0,1.0,0.989
frame_001217.jpg,0.5055,1.0,1.0,0.7528
frame_001218.jpg,0.3383,1.0,1.0,0.6691
frame_001219.jpg,0.6014,1.0,1.0,0.8007
frame_001220.jpg,0.929,1.0,1.0,0.9645
frame_001221.jpg,1.0,1.0,1.0,1.0
frame_001222.jpg,0.6497,1.0,1.0,0.8248
frame_001223.jpg,0.3539,1.0,1.0,0.677
frame_001224.jpg,0.785,1.0,1.0,0.8925
frame_001225.jpg,1.0,1.0,1.0,1.0
frame_001226.jpg,0.8942,1.0,1.0,0.9471
frame_001227.jpg,0.9177,1.0,1.0,0.9589
frame_001228.jpg,1.0,1.0,1.0,1.0
frame_001229.jpg,0.8197,1.0,1.0,0.9099
frame_001230.jpg,0.768,1.0,1.0,0.884
frame_001231.jpg,1.0,1.0,1.0,1.0
frame_001232.jpg,1.0,1.0,1.0,1.0
frame_001233.jpg,0.8622,1.0,1.0,0.9311
frame_001234.jpg,0.5534,1.0,1.0,0.7767
frame_001235.jpg,1.0,1.0,1.0,1.0
frame_001236.jpg,1.0,1.0,1.0,1.0
frame_001237.jpg,1.0,1.0,1.0,1.0
frame_001238.jpg,1.0,1.0,0.9039,0.9808
frame_001239.jpg,1.0,1.0,0.9442,0.9888
frame_001240.jpg,1.0,1.0,0.9515,0.9903
frame_001241.jpg,1.0,1.0,1.0,1.0
frame_001242.jpg,1.0,1.0,1.0,1.0
frame_001243.jpg,1.0,1.0,1.0,1.0
frame_001244.jpg,1.0,1.0,1.0,1.0
frame_001245.jpg,1.0,1.0,1.0,1.0
frame_001246.jpg,0.9885,1.0,1.0,0.9943
frame_001247.jpg,1.0,1.0,1.0,1.0
frame_001248.jpg,1.0,1.0,1.0,1.0
frame_001249.jpg,1.0,1.0,1.0,1.0
frame_001250.jpg,1.0,1.0,1.0,1.0
frame_001251.jpg,0.7604,1.0,1.0,0.8802
frame_001252.jpg,1.0,1.0,1.0,1.0
frame_001253.jpg,1.0,1.0,0.8604,0.9721
frame_001254.jpg,1.0,1.0,0.7475,0.9495
frame_001255.jpg,1.0,1.0,0.7778,0.9556
frame_001256.jpg,0.7755,1.0,0.9131,0.8703
frame_001257.jpg,0.5174,1.0,1.0,0.7587
frame_001258.jpg,0.8463,1.0,1.0,0.9231
frame_001259.jpg,1.0,1.0,1.0,1.0
frame_001260.jpg,1.0,1.0,1.0,1.0
frame_001261.jpg,0.8841,1.0,1.0,0.942
frame_001262.jpg,0.5414,1.0,1.0,0.7707
frame_001263.jpg,0.7823,1.0,1.0,0.8912
frame_001264.jpg,1.0,1.0,1.0,1.0
frame_001265.jpg,0.9942,1.0,1.0,0.9971
frame_001266.jpg,1.0,1.0,1.0,1.0
frame_001267.jpg,0.7152,1.0,1.0,0.8576
frame_001268.jpg,0.5428,1.0,1.0,0.7714
frame_001269.jpg,0.6221,1.0,1.0,0.811
frame_001270.jpg,0.6319,1.0,1.0,0.8159
frame_001271.jpg,0.8916,1.0,1.0,0.9458
frame_001272.jpg,1.0,1.0,1.0,1.0
frame_001273.jpg,1.0,1.0,1.0,1.0
frame_001274.jpg,1.0,1.0,1.0,1.0
frame_001275.jpg,0.5115,1.0,1.0,0.7557
frame_001276.jpg,0.8372,1.0,1.0,0.9186
frame_001277.jpg,1.0,1.0,1.0,1.0
frame_001278.jpg,0.9852,1.0,1.0,0.9926
frame_001279.jpg,1.0,1.0,1.0,1.0
frame_001280.jpg,0.3472,1.0,1.0,0.6736
frame_001281.jpg,0.2115,1.0,1.0,0.6058
frame_001282.jpg,0.7772,1.0,1.0,0.8886
frame_001283.jpg,1.0,1.0,1.0,1.0
frame_001284.jpg,1.0,1.0,1.0,1.0
frame_001285.jpg,1.0,1.0,1.0,1.0
frame_001286.jpg,1.0,1.0,1.0,1.0
frame_001287.jpg,1.0,1.0,1.0,1.0
frame_001288.jpg,1.0,1.0,1.0,1.0
frame_001289.jpg,1.0,1.0,1.0,1.0
frame_001290.jpg,1.0,1.0,1.0,1.0
frame_001291.jpg,1.0,1.0,1.0,1.0
frame_001292.jpg,1.0,1.0,1.0,1.0
frame_001293.jpg,1.0,1.0,1.0,1.0
frame_001294.jpg,1.0,1.0,1.0,1.0
frame_001295.jpg,1.0,1.0,1.0,1.0
frame_001296.jpg,1.0,1.0,1.0,1.0
frame_001297.jpg,1.0,1.0,1.0,1.0
frame_001298.jpg,1.0,1.0,1.0,1.0
frame_001299.jpg,1.0,1.0,1.0,1.0
frame_001300.jpg,1.0,1.0,1.0,1.0
frame_001301.jpg,1.0,1.0,1.0,1.0
frame_001302.jpg,1.0,1.0,1.0,1.0
frame_001303.jpg,1.0,1.0,1.0,1.0
frame_001304.jpg,1.0,1.0,1.0,1.0
frame_001305.jpg,1.0,1.0,1.0,1.0
frame_001306.jpg,1.0,1.0,1.0,1.0
frame_001307.jpg,1.0,1.0,1.0,1.0
frame_001308.jpg,1.0,1.0,1.0,1.0
frame_001309.jpg,1.0,1.0,1.0,1.0
frame_001310.jpg,1.0,1.0,1.0,1.0
frame_001311.jpg,1.0,1.0,1.0,1.0
frame_001312.jpg,1.0,1.0,1.0,1.0
frame_001313.jpg,1.0,1.0,1.0,1.0
frame_001314.jpg,1.0,1.0,1.0,1.0
frame_001315.jpg,1.0,1.0,1.0,1.0
frame_001316.jpg,1.0,1.0,1.0,1.0
frame_001317.jpg,1.0,1.0,1.0,1.0
frame_001318.jpg,1.0,1.0,1.0,1.0
frame_001319.jpg,1.0,1.0,1.0,1.0
frame_001320.jpg,1.0,1.0,1.0,1.0
frame_001321.jpg,1.0,1.0,1.0,1.0
frame_001322.jpg,1.0,1.0,1.0,1.0
frame_001323.jpg,1.0,1.0,1.0,1.0
frame_001324.jpg,1.0,1.0,1.0,1.0
frame_001325.jpg,1.0,1.0,1.0,1.0
frame_001326.jpg,1.0,1.0,1.0,1.0
frame_001327.jpg,1.0,1.0,1.0,1.0
frame_001328.jpg,1.0,1.0,1.0,1.0
frame_001329.jpg,1.0,1.0,1.0,1.0
frame_001330.jpg,0.9736,1.0,1.0,0.9868
frame_001331.jpg,0.9388,1.0,1.0,0.9694
frame_001332.jpg,0.9568,1.0,1.0,0.9784
frame_001333.jpg,1.0,1.0,1.0,1.0
frame_001334.jpg,0.9876,1.0,1.0,0.9938
frame_001335.jpg,0.9936,1.0,1.0,0.9968
frame_001336.jpg,1.0,1.0,1.0,1.0
frame_001337.jpg,0.8915,1.0,1.0,0.9457
frame_001338.jpg,0.6423,1.0,1.0,0.8212
frame_001339.jpg,0.7111,1.0,1.0,0.8555
frame_001340.jpg,0.9707,1.0,1.0,0.9854
frame_001341.jpg,1.0,1.0,1.0,1.0
frame_001342.jpg,0.8106,1.0,1.0,0.9053
frame_001343.jpg,0.5253,1.0,1.0,0.7627
frame_001344.jpg,0.3469,1.0,1.0,0.6734
frame_001345.jpg,0.3643,1.0,1.0,0.6822
frame_001346.jpg,0.5898,1.0,1.0,0.7949
frame_001347.jpg,0.7482,1.0,1.0,0.8741
frame_001348.jpg,0.8639,1.0,1.0,0.9319
frame_001349.jpg,0.9169,1.0,1.0,0.9584
frame_001350.jpg,0.983,1.0,1.0,0.9915
frame_001351.jpg,1.0,1.0,1.0,1.0
frame_001352.jpg,1.0,1.0,1.0,1.0
frame_001353.jpg,0.9747,1.0,1.0,0.9874
frame_001354.jpg,0.7801,1.0,1.0,0.8901
frame_001355.jpg,0.6128,1.0,1.0,0.8064
frame_001356.jpg,0.5183,1.0,1.0,0.7592
frame_001357.jpg,0.6424,1.0,1.0,0.8212
frame_001358.jpg,0.7188,1.0,1.0,0.8594
frame_001359.jpg,0.6923,1.0,1.0,0.8461
frame_001360.jpg,0.8268,1.0,1.0,0.9134
frame_001361.jpg,0.9437,1.0,1.0,0.9719
frame_001362.jpg,0.9568,1.0,1.0,0.9784
frame_001363.jpg,0.601,1.0,1.0,0.8005
frame_001364.jpg,0.7193,1.0,1.0,0.8597
frame_001365.jpg,1.0,1.0,0.8466,0.9693
frame_001366.jpg,1.0,1.0,0.9764,0.9953
frame_001367.jpg,0.9613,1.0,0.976,0.9759
frame_001368.jpg,0.9756,1.0,0.9292,0.9736
frame_001369.jpg,1.0,1.0,0.8939,0.9788
frame_001370.jpg,0.9315,1.0,0.9317,0.9521
frame_001371.jpg,0.8789,1.0,0.9643,0.9323
frame_001372.jpg,0.9882,1.0,0.9999,0.9941
frame_001373.jpg,0.9329,1.0,1.0,0.9665
frame_001374.jpg,0.7736,1.0,1.0,0.8868
frame_001375.jpg,0.68,1.0,1.0,0.84
frame_001376.jpg,0.8684,1.0,1.0,0.9342
frame_001377.jpg,0.8871,1.0,1.0,0.9436
frame_001378.jpg,0.5557,1.0,1.0,0.7778
frame_001379.jpg,0.5632,1.0,1.0,0.7816
frame_001380.jpg,0.7636,1.0,1.0,0.8818
frame_001381.jpg,0.7973,1.0,1.0,0.8987
frame_001382.jpg,0.7887,1.0,1.0,0.8943
frame_001383.jpg,1.0,1.0,1.0,1.0
frame_001384.jpg,1.0,1.0,1.0,1.0
frame_001385.jpg,0.9876,1.0,1.0,0.9938
frame_001386.jpg,0.8054,1.0,1.0,0.9027
frame_001387.jpg,0.5632,1.0,1.0,0.7816
frame_001388.jpg,0.7646,1.0,1.0,0.8823
frame_001389.jpg,1.0,1.0,1.0,1.0
frame_001390.jpg,0.6427,1.0,1.0,0.8213
frame_001391.jpg,0.5533,1.0,1.0,0.7767
frame_001392.jpg,0.7124,1.0,1.0,0.8562
frame_001393.jpg,1.0,1.0,1.0,1.0
frame_001394.jpg,1.0,1.0,1.0,1.0
frame_001395.jpg,1.0,1.0,1.0,1.0
frame_001396.jpg,1.0,1.0,1.0,1.0
frame_001397.jpg,1.0,1.0,1.0,1.0
frame_001398.jpg,1.0,1.0,1.0,1.0
frame_001399.jpg,1.0,1.0,1.0,1.0
frame_001400.jpg,1.0,1.0,1.0,1.0
frame_001401.jpg,1.0,1.0,1.0,1.0
frame_001402.jpg,1.0,1.0,1.0,1.0
frame_001403.jpg,1.0,1.0,1.0,1.0
frame_001404.jpg,0.7988,1.0,1.0,0.8994
frame_001405.jpg,0.8693,1.0,1.0,0.9346
frame_001406.jpg,1.0,1.0,1.0,1.0
frame_001407.jpg,1.0,1.0,1.0,1.0
frame_001408.jpg,1.0,1.0,1.0,1.0
frame_001409.jpg,1.0,1.0,1.0,1.0
frame_001410.jpg,1.0,1.0,1.0,1.0
frame_001411.jpg,1.0,1.0,1.0,1.0
frame_001412.jpg,1.0,1.0,1.0,1.0
frame_001413.jpg,0.7635,1.0,1.0,0.8817
frame_001414.jpg,1.0,1.0,1.0,1.0
frame_001415.jpg,0.7484,1.0,1.0,0.8742
frame_001416.jpg,0.6353,1.0,1.0,0.8176
frame_001417.jpg,1.0,1.0,1.0,1.0
frame_001418.jpg,1.0,1.0,1.0,1.0
frame_001419.jpg,0.5533,1.0,1.0,0.7766
frame_001420.jpg,1.0,1.0,0.9614,0.9923
frame_001421.jpg,1.0,1.0,0.811,0.9622
frame_001422.jpg,1.0,1.0,0.8744,0.9749
frame_001423.jpg,0.3764,1.0,0.968,0.6818
frame_001424.jpg,0.9793,1.0,0.9506,0.9798
frame_001425.jpg,1.0,1.0,0.8342,0.9668
frame_001426.jpg,1.0,1.0,0.9319,0.9864
frame_001427.jpg,1.0,1.0,1.0,1.0
frame_001428.jpg,0.2327,1.0,1.0,0.6164
frame_001429.jpg,0.1454,1.0,1.0,0.5727
frame_001430.jpg,0.4931,1.0,1.0,0.7466
frame_001431.jpg,1.0,1.0,1.0,1.0
frame_001432.jpg,1.0,1.0,1.0,1.0
frame_001433.jpg,1.0,1.0,1.0,1.0
frame_001434.jpg,1.0,1.0,1.0,1.0
frame_001435.jpg,1.0,1.0,1.0,1.0
frame_001436.jpg,1.0,1.0,0.9946,0.9989
frame_001437.jpg,1.0,1.0,1.0,1.0
frame_001438.jpg,1.0,1.0,1.0,1.0
frame_001439.jpg,0.7962,1.0,1.0,0.8981
frame_001440.jpg,1.0,1.0,0.9202,0.984
frame_001441.jpg,1.0,1.0,0.7859,0.9572
frame_001442.jpg,1.0,1.0,0.7387,0.9477
frame_001443.jpg,1.0,1.0,0.7158,0.9432
frame_001444.jpg,1.0,1.0,0.6838,0.9368
frame_001445.jpg,1.0,1.0,0.7031,0.9406
frame_001446.jpg,1.0,1.0,0.8444,0.9689
frame_001447.jpg,0.7503,1.0,1.0,0.8751
frame_001448.jpg,0.0824,1.0,1.0,0.5412
frame_001449.jpg,0.4043,1.0,1.0,0.7021
frame_001450.jpg,0.8479,1.0,1.0,0.9239
frame_001451.jpg,0.8769,1.0,1.0,0.9384
frame_001452.jpg,0.296,1.0,1.0,0.648
frame_001453.jpg,0.1893,1.0,1.0,0.5947
frame_001454.jpg,1.0,1.0,0.9245,0.9849
frame_001455.jpg,0.9417,1.0,0.8004,0.9309
frame_001456.jpg,0.8635,1.0,0.8245,0.8966
frame_001457.jpg,1.0,1.0,0.8459,0.9692
frame_001458.jpg,1.0,1.0,0.7238,0.9448
frame_001459.jpg,1.0,1.0,0.6686,0.9337
frame_001460.jpg,1.0,1.0,0.6158,0.9232
frame_001461.jpg,1.0,1.0,0.5472,0.9094
frame_001462.jpg,1.0,1.0,0.5983,0.9197
frame_001463.jpg,1.0,1.0,0.57,0.914
frame_001464.jpg,0.1052,1.0,0.7665,0.5059
frame_001465.jpg,0.125,1.0,0.746,0.5117
frame_001466.jpg,0.8695,1.0,0.5989,0.8545
frame_001467.jpg,0.9499,1.0,0.5792,0.8908
frame_001468.jpg,0.6036,1.0,0.6234,0.7265
frame_001469.jpg,0.8628,1.0,0.6837,0.8681
frame_001470.jpg,1.0,1.0,0.7585,0.9517
frame_001471.jpg,1.0,1.0,0.8192,0.9638
frame_001472.jpg,1.0,1.0,0.9059,0.9812
frame_001473.jpg,1.0,1.0,0.9608,0.9922
frame_001474.jpg,1.0,1.0,0.9632,0.9926
frame_001475.jpg,0.9154,1.0,0.9477,0.9473
frame_001476.jpg,0.933,1.0,0.9589,0.9583
frame_001477.jpg,0.8054,1.0,0.954,0.8935
frame_001478.jpg,0.7843,1.0,0.9684,0.8858
frame_001479.jpg,0.8323,1.0,0.9536,0.9069
frame_001480.jpg,0.9778,1.0,0.9565,0.9802
frame_001481.jpg,1.0,1.0,0.949,0.9898
frame_001482.jpg,1.0,1.0,0.9508,0.9902
frame_001483.jpg,1.0,1.0,0.9432,0.9886
frame_001484.jpg,1.0,1.0,0.9599,0.992
frame_001485.jpg,1.0,1.0,0.9342,0.9868
frame_001486.jpg,0.9462,1.0,0.9223,0.9576
frame_001487.jpg,1.0,1.0,0.9114,0.9823
frame_001488.jpg,1.0,1.0,0.952,0.9904
frame_001489.jpg,0.905,1.0,1.0,0.9525
frame_001490.jpg,0.7909,1.0,1.0,0.8955
frame_001491.jpg,0.7452,1.0,1.0,0.8726
frame_001492.jpg,0.7983,1.0,1.0,0.8991
frame_001493.jpg,1.0,1.0,1.0,1.0
frame_001494.jpg,1.0,1.0,1.0,1.0
frame_001495.jpg,0.9493,1.0,0.9985,0.9743
frame_001496.jpg,0.9324,1.0,1.0,0.9662
frame_001497.jpg,0.9611,1.0,0.9666,0.9739
frame_001498.jpg,0.9772,1.0,0.9465,0.9779
frame_001499.jpg,0.927,1.0,0.9412,0.9517
frame_001500.jpg,0.8881,1.0,0.9566,0.9353
frame_001501.jpg,0.998,1.0,0.9773,0.9944
frame_001502.jpg,0.9041,1.0,0.982,0.9485
frame_001503.jpg,0.5967,1.0,0.9832,0.795
frame_001504.jpg,0.54,1.0,1.0,0.77
frame_001505.jpg,0.6115,1.0,1.0,0.8058
frame_001506.jpg,0.909,1.0,1.0,0.9545
frame_001507.jpg,1.0,1.0,0.9546,0.9909
frame_001508.jpg,0.8153,1.0,0.8357,0.8748
frame_001509.jpg,0.2742,1.0,0.8425,0.6056
frame_001510.jpg,0.7308,1.0,0.7745,0.8203
frame_001511.jpg,1.0,1.0,0.6906,0.9381
frame_001512.jpg,1.0,1.0,0.7869,0.9574
frame_001513.jpg,1.0,1.0,0.8182,0.9636
frame_001514.jpg,0.6843,1.0,0.829,0.8079
frame_001515.jpg,1.0,1.0,0.7955,0.9591
frame_001516.jpg,1.0,1.0,0.7872,0.9574
frame_001517.jpg,0.7907,1.0,0.7943,0.8542
frame_001518.jpg,0.5938,1.0,0.9541,0.7877
frame_001519.jpg,0.7019,1.0,0.9996,0.8508
frame_001520.jpg,0.7817,1.0,1.0,0.8909
frame_001521.jpg,0.8705,1.0,0.8926,0.9138
frame_001522.jpg,0.9531,1.0,0.907,0.9579
frame_001523.jpg,1.0,1.0,1.0,1.0
frame_001524.jpg,1.0,1.0,1.0,1.0
frame_001525.jpg,1.0,1.0,1.0,1.0
frame_001526.jpg,1.0,1.0,1.0,1.0
frame_001527.jpg,1.0,1.0,1.0,1.0
frame_001528.jpg,1.0,1.0,1.0,1.0
frame_001529.jpg,1.0,1.0,1.0,1.0
frame_001530.jpg,1.0,1.0,1.0,1.0
frame_001531.jpg,1.0,1.0,1.0,1.0
frame_001532.jpg,0.9425,1.0,1.0,0.9712
frame_001533.jpg,0.9477,1.0,1.0,0.9739
frame_001534.jpg,1.0,1.0,1.0,1.0
frame_001535.jpg,1.0,1.0,1.0,1.0
frame_001536.jpg,1.0,1.0,1.0,1.0
frame_001537.jpg,1.0,1.0,1.0,1.0
frame_001538.jpg,1.0,1.0,1.0,1.0
frame_001539.jpg,1.0,1.0,1.0,1.0
frame_001540.jpg,1.0,1.0,1.0,1.0
frame_001541.jpg,1.0,1.0,1.0,1.0
frame_001542.jpg,1.0,1.0,1.0,1.0
frame_001543.jpg,1.0,1.0,1.0,1.0
frame_001544.jpg,1.0,1.0,1.0,1.0
frame_001545.jpg,1.0,1.0,1.0,1.0
frame_001546.jpg,1.0,1.0,1.0,1.0
frame_001547.jpg,0.9621,1.0,0.9641,0.9738
frame_001548.jpg,0.9963,1.0,0.8715,0.9725
frame_001549.jpg,1.0,1.0,0.8032,0.9606
frame_001550.jpg,0.9958,1.0,0.8282,0.9635
frame_001551.jpg,0.621,1.0,0.8719,0.7849
frame_001552.jpg,0.6033,1.0,0.907,0.7831
frame_001553.jpg,0.7713,1.0,0.8144,0.8485
frame_001554.jpg,0.7957,1.0,0.9531,0.8884
frame_001555.jpg,0.6979,1.0,0.9653,0.842
frame_001556.jpg,0.8435,1.0,0.9884,0.9194
frame_001557.jpg,0.9307,1.0,1.0,0.9654
frame_001558.jpg,0.7321,1.0,1.0,0.8661
frame_001559.jpg,0.6459,1.0,1.0,0.823
frame_001560.jpg,0.7162,1.0,1.0,0.8581
frame_001561.jpg,0.9727,1.0,1.0,0.9864
frame_001562.jpg,0.9785,1.0,1.0,0.9892
frame_001563.jpg,0.9509,1.0,1.0,0.9755
frame_001564.jpg,0.7524,1.0,1.0,0.8762
frame_001565.jpg,0.8542,1.0,1.0,0.9271
frame_001566.jpg,1.0,1.0,1.0,1.0
frame_001567.jpg,1.0,1.0,1.0,1.0
frame_001568.jpg,1.0,1.0,1.0,1.0
frame_001569.jpg,1.0,1.0,1.0,1.0
frame_001570.jpg,1.0,1.0,0.9685,0.9937
frame_001571.jpg,1.0,1.0,0.8213,0.9643
frame_001572.jpg,1.0,1.0,0.689,0.9378
frame_001573.jpg,1.0,1.0,0.6801,0.936
frame_001574.jpg,1.0,1.0,0.6342,0.9268
frame_001575.jpg,0.897,1.0,0.6909,0.8867
frame_001576.jpg,0.7341,1.0,0.8588,0.8388
frame_001577.jpg,1.0,1.0,0.7953,0.9591
frame_001578.jpg,1.0,1.0,0.657,0.9314
frame_001579.jpg,1.0,1.0,0.7368,0.9474
frame_001580.jpg,0.9838,1.0,1.0,0.9919
frame_001581.jpg,0.4826,1.0,1.0,0.7413
frame_001582.jpg,0.5313,1.0,0.9419,0.754
frame_001583.jpg,1.0,1.0,1.0,1.0
frame_001584.jpg,1.0,1.0,0.9733,0.9947
frame_001585.jpg,1.0,1.0,0.9031,0.9806
frame_001586.jpg,0.6393,1.0,1.0,0.8196
frame_001587.jpg,0.6858,1.0,1.0,0.8429
frame_001588.jpg,1.0,1.0,1.0,1.0
frame_001589.jpg,1.0,1.0,0.8912,0.9782
frame_001590.jpg,1.0,1.0,0.863,0.9726
frame_001591.jpg,1.0,1.0,0.8914,0.9783
frame_001592.jpg,1.0,1.0,0.7393,0.9479
frame_001593.jpg,1.0,1.0,0.7329,0.9466
frame_001594.jpg,1.0,1.0,0.7825,0.9565
frame_001595.jpg,0.8227,1.0,0.7674,0.8648
frame_001596.jpg,0.9839,1.0,0.9408,0.9801
frame_001597.jpg,1.0,1.0,0.9819,0.9964
frame_001598.jpg,1.0,1.0,0.965,0.993
frame_001599.jpg,0.8586,1.0,1.0,0.9293
frame_001600.jpg,0.4248,1.0,1.0,0.7124
frame_001601.jpg,0.7049,1.0,0.9404,0.8405
frame_001602.jpg,1.0,1.0,0.9046,0.9809
frame_001603.jpg,1.0,1.0,0.9307,0.9861
frame_001604.jpg,1.0,1.0,0.9666,0.9933
frame_001605.jpg,1.0,1.0,0.9697,0.9939
frame_001606.jpg,1.0,1.0,0.9663,0.9933
frame_001607.jpg,1.0,1.0,0.9167,0.9833
frame_001608.jpg,1.0,1.0,0.854,0.9708
frame_001609.jpg,1.0,1.0,0.9418,0.9884
frame_001610.jpg,1.0,1.0,1.0,1.0
frame_001611.jpg,1.0,1.0,1.0,1.0
frame_001612.jpg,0.8122,1.0,1.0,0.9061
frame_001613.jpg,1.0,1.0,1.0,1.0
frame_001614.jpg,1.0,1.0,1.0,1.0
frame_001615.jpg,1.0,1.0,1.0,1.0
frame_001616.jpg,0.9875,1.0,1.0,0.9938
frame_001617.jpg,1.0,1.0,0.9872,0.9974
frame_001618.jpg,1.0,1.0,0.9576,0.9915
frame_001619.jpg,1.0,1.0,0.978,0.9956
frame_001620.jpg,1.0,1.0,1.0,1.0
frame_001621.jpg,0.9727,1.0,1.0,0.9864
frame_001622.jpg,0.9162,1.0,1.0,0.9581
frame_001623.jpg,1.0,1.0,1.0,1.0
frame_001624.jpg,1.0,1.0,1.0,1.0
frame_001625.jpg,1.0,1.0,1.0,1.0
frame_001626.jpg,1.0,1.0,1.0,1.0
frame_001627.jpg,1.0,1.0,1.0,1.0
frame_001628.jpg,0.8484,1.0,1.0,0.9242
frame_001629.jpg,0.5748,1.0,1.0,0.7874
frame_001630.jpg,0.8578,1.0,1.0,0.9289
frame_001631.jpg,0.7841,1.0,1.0,0.892
frame_001632.jpg,1.0,1.0,1.0,1.0
frame_001633.jpg,0.6012,1.0,1.0,0.8006
frame_001634.jpg,0.5191,1.0,1.0,0.7595
frame_001635.jpg,0.9174,1.0,1.0,0.9587
frame_001636.jpg,1.0,1.0,1.0,1.0
frame_001637.jpg,1.0,1.0,1.0,1.0
frame_001638.jpg,0.9815,1.0,1.0,0.9907
frame_001639.jpg,1.0,1.0,1.0,1.0
frame_001640.jpg,1.0,1.0,1.0,1.0
frame_001641.jpg,1.0,1.0,1.0,1.0
frame_001642.jpg,1.0,1.0,1.0,1.0
frame_001643.jpg,1.0,1.0,1.0,1.0
frame_001644.jpg,0.9945,1.0,1.0,0.9973
frame_001645.jpg,0.9844,1.0,1.0,0.9922
frame_001646.jpg,0.9452,1.0,1.0,0.9726
frame_001647.jpg,0.8267,1.0,1.0,0.9133
frame_001648.jpg,0.6134,1.0,1.0,0.8067
frame_001649.jpg,0.6768,1.0,1.0,0.8384
frame_001650.jpg,1.0,1.0,1.0,1.0
frame_001651.jpg,0.8337,1.0,1.0,0.9169
frame_001652.jpg,0.8924,1.0,1.0,0.9462
frame_001653.jpg,1.0,1.0,1.0,1.0
frame_001654.jpg,1.0,1.0,1.0,1.0
frame_001655.jpg,1.0,1.0,1.0,1.0
frame_001656.jpg,1.0,1.0,1.0,1.0
frame_001657.jpg,1.0,1.0,1.0,1.0
frame_001658.jpg,1.0,1.0,1.0,1.0
frame_001659.jpg,0.6471,1.0,1.0,0.8236
frame_001660.jpg,0.0427,1.0,1.0,0.5213
frame_001661.jpg,0.0978,1.0,1.0,0.5489
frame_001662.jpg,0.5433,1.0,1.0,0.7716
frame_001663.jpg,0.693,1.0,1.0,0.8465
frame_001664.jpg,0.7074,1.0,1.0,0.8537
frame_001665.jpg,0.9508,1.0,1.0,0.9754
frame_001666.jpg,0.9751,1.0,1.0,0.9875
frame_001667.jpg,1.0,1.0,1.0,1.0
frame_001668.jpg,0.4656,1.0,1.0,0.7328
frame_001669.jpg,0.6631,1.0,1.0,0.8315
frame_001670.jpg,0.6385,1.0,1.0,0.8193
frame_001671.jpg,0.8532,1.0,1.0,0.9266
frame_001672.jpg,0.8346,1.0,1.0,0.9173
frame_001673.jpg,1.0,1.0,1.0,1.0
frame_001674.jpg,0.9725,1.0,1.0,0.9862
frame_001675.jpg,1.0,1.0,1.0,1.0
frame_001676.jpg,0.5899,1.0,1.0,0.7949
frame_001677.jpg,0.7106,1.0,1.0,0.8553
frame_001678.jpg,1.0,1.0,1.0,1.0
frame_001679.jpg,1.0,1.0,1.0,1.0
frame_001680.jpg,1.0,1.0,1.0,1.0
frame_001681.jpg,1.0,1.0,1.0,1.0
frame_001682.jpg,1.0,1.0,1.0,1.0
frame_001683.jpg,1.0,1.0,1.0,1.0
frame_001684.jpg,1.0,1.0,1.0,1.0
frame_001685.jpg,1.0,1.0,1.0,1.0
frame_001686.jpg,1.0,1.0,1.0,1.0
frame_001687.jpg,1.0,1.0,1.0,1.0
frame_001688.jpg,0.8229,1.0,1.0,0.9114
frame_001689.jpg,0.5939,1.0,1.0,0.797
frame_001690.jpg,1.0,1.0,1.0,1.0
frame_001691.jpg,1.0,1.0,1.0,1.0
frame_001692.jpg,1.0,1.0,1.0,1.0
frame_001693.jpg,1.0,1.0,1.0,1.0
frame_001694.jpg,1.0,1.0,1.0,1.0
frame_001695.jpg,1.0,1.0,1.0,1.0
frame_001696.jpg,1.0,1.0,1.0,1.0
frame_001697.jpg,1.0,1.0,1.0,1.0
frame_001698.jpg,0.8272,1.0,1.0,0.9136
frame_001699.jpg,0.8165,1.0,1.0,0.9083
frame_001700.jpg,0.7516,1.0,1.0,0.8758
frame_001701.jpg,0.3163,1.0,1.0,0.6582
frame_001702.jpg,0.2576,1.0,1.0,0.6288
frame_001703.jpg,0.5072,1.0,1.0,0.7536
frame_001704.jpg,0.6844,1.0,1.0,0.8422
frame_001705.jpg,0.7587,1.0,1.0,0.8793
frame_001706.jpg,0.8614,1.0,1.0,0.9307
frame_001707.jpg,1.0,1.0,1.0,1.0
frame_001708.jpg,1.0,1.0,1.0,1.0
frame_001709.jpg,1.0,1.0,1.0,1.0
frame_001710.jpg,1.0,1.0,1.0,1.0
frame_001711.jpg,0.8626,1.0,1.0,0.9313
frame_001712.jpg,0.8308,1.0,1.0,0.9154
frame_001713.jpg,0.9827,1.0,1.0,0.9914
frame_001714.jpg,0.974,1.0,1.0,0.987
frame_001715.jpg,0.9437,1.0,1.0,0.9718
frame_001716.jpg,0.9664,1.0,1.0,0.9832
frame_001717.jpg,0.7277,1.0,1.0,0.8638
frame_001718.jpg,0.7729,1.0,1.0,0.8865
frame_001719.jpg,1.0,1.0,1.0,1.0
frame_001720.jpg,1.0,1.0,1.0,1.0
frame_001721.jpg,1.0,1.0,1.0,1.0
frame_001722.jpg,1.0,1.0,1.0,1.0
frame_001723.jpg,1.0,1.0,1.0,1.0
frame_001724.jpg,0.9249,1.0,1.0,0.9624
frame_001725.jpg,1.0,1.0,1.0,1.0
frame_001726.jpg,1.0,1.0,1.0,1.0
frame_001727.jpg,1.0,1.0,1.0,1.0
frame_001728.jpg,0.9503,1.0,1.0,0.9751
frame_001729.jpg,0.811,1.0,1.0,0.9055
frame_001730.jpg,0.7909,1.0,1.0,0.8954
frame_001731.jpg,0.9241,1.0,1.0,0.9621
frame_001732.jpg,1.0,1.0,1.0,1.0
frame_001733.jpg,1.0,1.0,1.0,1.0
frame_001734.jpg,1.0,1.0,1.0,1.0
frame_001735.jpg,0.6268,1.0,1.0,0.8134
frame_001736.jpg,0.7656,1.0,1.0,0.8828
frame_001737.jpg,1.0,1.0,1.0,1.0
frame_001738.jpg,1.0,1.0,1.0,1.0
frame_001739.jpg,1.0,1.0,1.0,1.0
frame_001740.jpg,1.0,1.0,1.0,1.0
frame_001741.jpg,0.3736,1.0,1.0,0.6868
frame_001742.jpg,0.9026,1.0,1.0,0.9513
frame_001743.jpg,0.6438,1.0,1.0,0.8219
frame_001744.jpg,0.7925,1.0,1.0,0.8963
frame_001745.jpg,0.3347,1.0,1.0,0.6673
frame_001746.jpg,0.0734,1.0,1.0,0.5367
frame_001747.jpg,0.422,1.0,1.0,0.711
frame_001748.jpg,0.77,1.0,1.0,0.885
frame_001749.jpg,1.0,1.0,0.9389,0.9878
frame_001750.jpg,1.0,1.0,0.968,0.9936
frame_001751.jpg,1.0,1.0,0.9288,0.9858
frame_001752.jpg,1.0,1.0,0.9503,0.9901
frame_001753.jpg,1.0,1.0,0.8957,0.9791
frame_001754.jpg,0.4275,1.0,0.9189,0.6975
frame_001755.jpg,0.6732,1.0,0.9201,0.8206
frame_001756.jpg,1.0,1.0,0.923,0.9846
frame_001757.jpg,1.0,1.0,1.0,1.0
frame_001758.jpg,1.0,1.0,1.0,1.0
frame_001759.jpg,0.4843,1.0,1.0,0.7422
frame_001760.jpg,0.3743,1.0,1.0,0.6871
frame_001761.jpg,0.9048,1.0,1.0,0.9524
frame_001762.jpg,1.0,1.0,1.0,1.0
frame_001763.jpg,0.9549,1.0,1.0,0.9775
frame_001764.jpg,1.0,1.0,1.0,1.0
frame_001765.jpg,1.0,1.0,1.0,1.0
frame_001766.jpg,0.7333,1.0,1.0,0.8667
frame_001767.jpg,0.5374,1.0,1.0,0.7687
frame_001768.jpg,0.6396,1.0,1.0,0.8198
frame_001769.jpg,0.955,1.0,1.0,0.9775
frame_001770.jpg,1.0,1.0,1.0,1.0
frame_001771.jpg,0.9638,1.0,1.0,0.9819
frame_001772.jpg,1.0,1.0,1.0,1.0
frame_001773.jpg,1.0,1.0,1.0,1.0
frame_001774.jpg,0.8873,1.0,1.0,0.9437
frame_001775.jpg,0.9491,1.0,1.0,0.9745
frame_001776.jpg,1.0,1.0,1.0,1.0
frame_001777.jpg,1.0,1.0,1.0,1.0
frame_001778.jpg,1.0,1.0,1.0,1.0
frame_001779.jpg,1.0,1.0,1.0,1.0
frame_001780.jpg,1.0,1.0,1.0,1.0
frame_001781.jpg,1.0,1.0,1.0,1.0
frame_001782.jpg,1.0,1.0,1.0,1.0
frame_001783.jpg,1.0,1.0,1.0,1.0
frame_001784.jpg,1.0,1.0,1.0,1.0
frame_001785.jpg,1.0,1.0,1.0,1.0
frame_001786.jpg,1.0,1.0,1.0,1.0
frame_001787.jpg,1.0,1.0,1.0,1.0
frame_001788.jpg,1.0,1.0,1.0,1.0
frame_001789.jpg,1.0,1.0,1.0,1.0
frame_001790.jpg,1.0,1.0,1.0,1.0
frame_001791.jpg,1.0,1.0,1.0,1.0
frame_001792.jpg,1.0,1.0,1.0,1.0
frame_001793.jpg,0.9383,1.0,1.0,0.9691
frame_001794.jpg,0.9451,1.0,1.0,0.9725
frame_001795.jpg,0.9633,1.0,1.0,0.9816
frame_001796.jpg,0.8098,1.0,1.0,0.9049
frame_001797.jpg,1.0,1.0,1.0,1.0
frame_001798.jpg,1.0,1.0,1.0,1.0
frame_001799.jpg,1.0,1.0,1.0,1.0
frame_001800.jpg,1.0,1.0,1.0,1.0
frame_001801.jpg,1.0,1.0,1.0,1.0
frame_001802.jpg,0.9536,1.0,1.0,0.9768
frame_001803.jpg,1.0,1.0,1.0,1.0
frame_001804.jpg,1.0,1.0,1.0,1.0
frame_001805.jpg,1.0,1.0,1.0,1.0
frame_001806.jpg,1.0,1.0,1.0,1.0
frame_001807.jpg,0.7801,1.0,1.0,0.8901
frame_001808.jpg,0.667,1.0,1.0,0.8335
frame_001809.jpg,0.8931,1.0,1.0,0.9465
frame_001810.jpg,0.9075,1.0,1.0,0.9538
frame_001811.jpg,0.9251,1.0,1.0,0.9625
frame_001812.jpg,0.8559,1.0,1.0,0.928
frame_001813.jpg,0.7138,1.0,1.0,0.8569
frame_001814.jpg,0.7248,1.0,1.0,0.8624
frame_001815.jpg,0.6485,1.0,1.0,0.8242
frame_001816.jpg,0.6371,1.0,1.0,0.8186
frame_001817.jpg,0.6956,1.0,1.0,0.8478
frame_001818.jpg,0.6984,1.0,1.0,0.8492
frame_001819.jpg,0.7407,1.0,1.0,0.8703
frame_001820.jpg,0.7186,1.0,1.0,0.8593
frame_001821.jpg,0.7123,1.0,1.0,0.8561
frame_001822.jpg,0.676,1.0,1.0,0.838
frame_001823.jpg,0.1143,1.0,1.0,0.5572
frame_001824.jpg,0.2584,1.0,1.0,0.6292
frame_001825.jpg,0.6676,1.0,1.0,0.8338
frame_001826.jpg,0.7767,1.0,1.0,0.8884
frame_001827.jpg,0.702,1.0,1.0,0.851
frame_001828.jpg,0.4582,1.0,1.0,0.7291
frame_001829.jpg,0.312,1.0,1.0,0.656
frame_001830.jpg,0.6499,1.0,1.0,0.8249
frame_001831.jpg,0.8564,1.0,1.0,0.9282
frame_001832.jpg,0.8987,1.0,1.0,0.9493
frame_001833.jpg,0.5193,1.0,1.0,0.7597
frame_001834.jpg,0.3452,1.0,1.0,0.6726
frame_001835.jpg,0.4002,1.0,1.0,0.7001
frame_001836.jpg,0.7296,1.0,1.0,0.8648
frame_001837.jpg,0.908,1.0,1.0,0.954
frame_001838.jpg,0.9309,1.0,1.0,0.9654
frame_001839.jpg,0.9381,1.0,1.0,0.9691
frame_001840.jpg,0.9852,1.0,1.0,0.9926
frame_001841.jpg,0.9608,1.0,1.0,0.9804
frame_001842.jpg,0.7587,1.0,1.0,0.8793
frame_001843.jpg,0.8802,1.0,1.0,0.9401
frame_001844.jpg,0.9041,1.0,1.0,0.952
frame_001845.jpg,0.8669,1.0,1.0,0.9334
frame_001846.jpg,0.7132,1.0,1.0,0.8566
frame_001847.jpg,0.8272,1.0,1.0,0.9136
frame_001848.jpg,1.0,1.0,1.0,1.0
frame_001849.jpg,0.9907,1.0,1.0,0.9953
frame_001850.jpg,0.3783,1.0,1.0,0.6892
frame_001851.jpg,0.2865,1.0,1.0,0.6432
frame_001852.jpg,0.4081,1.0,1.0,0.7041
frame_001853.jpg,0.7036,1.0,1.0,0.8518
frame_001854.jpg,0.9058,1.0,1.0,0.9529
frame_001855.jpg,0.9702,1.0,1.0,0.9851
frame_001856.jpg,0.983,1.0,1.0,0.9915
frame_001857.jpg,0.7451,1.0,1.0,0.8726
frame_001858.jpg,0.697,1.0,1.0,0.8485
frame_001859.jpg,0.8994,1.0,1.0,0.9497
frame_001860.jpg,1.0,1.0,1.0,1.0
frame_001861.jpg,1.0,1.0,1.0,1.0
frame_001862.jpg,0.6994,1.0,1.0,0.8497
frame_001863.jpg,0.673,1.0,1.0,0.8365
frame_001864.jpg,0.974,1.0,1.0,0.987
frame_001865.jpg,0.996,1.0,1.0,0.998
frame_001866.jpg,0.975,1.0,1.0,0.9875
frame_001867.jpg,0.8959,1.0,1.0,0.9479
frame_001868.jpg,1.0,1.0,1.0,1.0
frame_001869.jpg,1.0,1.0,1.0,1.0
frame_001870.jpg,1.0,1.0,1.0,1.0
frame_001871.jpg,0.9162,1.0,1.0,0.9581
frame_001872.jpg,0.9355,1.0,1.0,0.9677
frame_001873.jpg,0.8792,1.0,1.0,0.9396
frame_001874.jpg,0.7985,1.0,1.0,0.8992
frame_001875.jpg,0.8075,1.0,1.0,0.9037
frame_001876.jpg,0.8815,1.0,1.0,0.9408
frame_001877.jpg,0.8648,1.0,1.0,0.9324
frame_001878.jpg,0.841,1.0,1.0,0.9205
frame_001879.jpg,0.9096,1.0,1.0,0.9548
frame_001880.jpg,0.8803,1.0,1.0,0.9401
frame_001881.jpg,1.0,1.0,1.0,1.0
frame_001882.jpg,0.9217,1.0,1.0,0.9609
frame_001883.jpg,0.9178,1.0,1.0,0.9589
frame_001884.jpg,0.9784,1.0,1.0,0.9892
frame_001885.jpg,1.0,1.0,1.0,1.0
frame_001886.jpg,0.8965,1.0,1.0,0.9482
frame_001887.jpg,0.8967,1.0,1.0,0.9484
frame_001888.jpg,0.9779,1.0,1.0,0.9889
frame_001889.jpg,0.9924,1.0,1.0,0.9962
frame_001890.jpg,0.8702,1.0,1.0,0.9351
frame_001891.jpg,0.8923,1.0,1.0,0.9461
frame_001892.jpg,0.8829,1.0,1.0,0.9415
frame_001893.jpg,0.9183,1.0,1.0,0.9591
frame_001894.jpg,0.7679,1.0,1.0,0.8839
frame_001895.jpg,0.7347,1.0,1.0,0.8673
frame_001896.jpg,0.8816,1.0,1.0,0.9408
frame_001897.jpg,0.8359,1.0,1.0,0.918
frame_001898.jpg,0.8727,1.0,1.0,0.9364
frame_001899.jpg,0.9745,1.0,1.0,0.9873
frame_001900.jpg,0.9072,1.0,1.0,0.9536
frame_001901.jpg,0.8134,1.0,1.0,0.9067
frame_001902.jpg,0.8751,1.0,1.0,0.9375
frame_001903.jpg,0.813,1.0,1.0,0.9065
frame_001904.jpg,0.7687,1.0,1.0,0.8844
frame_001905.jpg,0.7962,1.0,1.0,0.8981
frame_001906.jpg,0.8544,1.0,1.0,0.9272
frame_001907.jpg,0.8596,1.0,1.0,0.9298
frame_001908.jpg,0.8531,1.0,1.0,0.9266
frame_001909.jpg,0.8926,1.0,1.0,0.9463
frame_001910.jpg,0.8159,1.0,1.0,0.908
frame_001911.jpg,0.7186,1.0,1.0,0.8593
frame_001912.jpg,0.8194,1.0,1.0,0.9097
frame_001913.jpg,0.865,1.0,1.0,0.9325
frame_001914.jpg,0.5128,1.0,1.0,0.7564
frame_001915.jpg,0.6009,1.0,1.0,0.8005
frame_001916.jpg,0.799,1.0,1.0,0.8995
frame_001917.jpg,0.8217,1.0,1.0,0.9108
frame_001918.jpg,0.5901,1.0,1.0,0.7951
frame_001919.jpg,0.6752,1.0,1.0,0.8376
frame_001920.jpg,0.9296,1.0,1.0,0.9648
frame_001921.jpg,0.9918,1.0,1.0,0.9959
frame_001922.jpg,0.8334,1.0,1.0,0.9167
frame_001923.jpg,0.7099,1.0,1.0,0.855
frame_001924.jpg,0.7824,1.0,1.0,0.8912
frame_001925.jpg,0.9191,1.0,1.0,0.9595
frame_001926.jpg,1.0,1.0,1.0,1.0
frame_001927.jpg,0.9771,1.0,1.0,0.9885
frame_001928.jpg,0.9665,1.0,1.0,0.9832
frame_001929.jpg,0.9344,1.0,1.0,0.9672
frame_001930.jpg,0.8729,1.0,1.0,0.9364
frame_001931.jpg,0.8862,1.0,1.0,0.9431
frame_001932.jpg,1.0,1.0,1.0,1.0
frame_001933.jpg,1.0,1.0,1.0,1.0
frame_001934.jpg,1.0,1.0,1.0,1.0
frame_001935.jpg,1.0,1.0,1.0,1.0
frame_001936.jpg,1.0,1.0,1.0,1.0
frame_001937.jpg,1.0,1.0,1.0,1.0
frame_001938.jpg,1.0,1.0,1.0,1.0
frame_001939.jpg,1.0,1.0,1.0,1.0
frame_001940.jpg,1.0,1.0,1.0,1.0
frame_001941.jpg,1.0,1.0,1.0,1.0
frame_001942.jpg,1.0,1.0,1.0,1.0
frame_001943.jpg,1.0,1.0,1.0,1.0
frame_001944.jpg,0.9931,1.0,1.0,0.9966
frame_001945.jpg,0.8651,1.0,1.0,0.9325
frame_001946.jpg,0.8194,1.0,1.0,0.9097
frame_001947.jpg,0.8683,1.0,1.0,0.9342
frame_001948.jpg,0.8119,1.0,1.0,0.9059
frame_001949.jpg,0.8696,1.0,1.0,0.9348
frame_001950.jpg,0.4588,1.0,1.0,0.7294
frame_001951.jpg,0.3288,1.0,1.0,0.6644
frame_001952.jpg,0.5053,1.0,1.0,0.7527
frame_001953.jpg,0.5764,1.0,1.0,0.7882
frame_001954.jpg,0.3959,1.0,1.0,0.6979
frame_001955.jpg,0.6986,1.0,1.0,0.8493
frame_001956.jpg,0.1026,1.0,1.0,0.5513
frame_001957.jpg,0.1583,1.0,1.0,0.5791
frame_001958.jpg,0.53,1.0,1.0,0.765
frame_001959.jpg,0.5245,1.0,1.0,0.7622
frame_001960.jpg,0.7606,1.0,1.0,0.8803
frame_001961.jpg,0.9206,1.0,1.0,0.9603
frame_001962.jpg,0.8401,1.0,1.0,0.92
frame_001963.jpg,0.8682,1.0,1.0,0.9341
frame_001964.jpg,0.7147,1.0,1.0,0.8573
frame_001965.jpg,0.848,1.0,1.0,0.924
frame_001966.jpg,0.8558,1.0,1.0,0.9279
frame_001967.jpg,0.442,1.0,1.0,0.721
frame_001968.jpg,0.329,1.0,1.0,0.6645
frame_001969.jpg,0.5633,1.0,1.0,0.7816
frame_001970.jpg,0.5785,1.0,1.0,0.7892
frame_001971.jpg,0.628,1.0,1.0,0.814
frame_001972.jpg,0.6181,1.0,1.0,0.809
frame_001973.jpg,0.5685,1.0,1.0,0.7842
frame_001974.jpg,0.5869,1.0,1.0,0.7934
frame_001975.jpg,0.6141,1.0,1.0,0.807
frame_001976.jpg,0.6138,1.0,1.0,0.8069
frame_001977.jpg,0.5786,1.0,1.0,0.7893
frame_001978.jpg,0.5397,1.0,1.0,0.7698
frame_001979.jpg,0.469,1.0,1.0,0.7345
frame_001980.jpg,0.482,1.0,1.0,0.741
frame_001981.jpg,0.5653,1.0,1.0,0.7827
frame_001982.jpg,0.6288,1.0,1.0,0.8144
frame_001983.jpg,0.6227,1.0,0.939,0.7991
frame_001984.jpg,0.6549,1.0,1.0,0.8275
frame_001985.jpg,0.4959,1.0,1.0,0.748
frame_001986.jpg,0.4866,1.0,1.0,0.7433
frame_001987.jpg,0.607,1.0,0.8582,0.7752
frame_001988.jpg,0.6391,1.0,0.921,0.8038
frame_001989.jpg,0.6478,1.0,1.0,0.8239
frame_001990.jpg,0.715,1.0,1.0,0.8575
frame_001991.jpg,0.765,1.0,1.0,0.8825
frame_001992.jpg,0.7523,1.0,1.0,0.8762
frame_001993.jpg,0.785,1.0,1.0,0.8925
frame_001994.jpg,0.7522,1.0,1.0,0.8761
frame_001995.jpg,0.6876,1.0,1.0,0.8438
frame_001996.jpg,0.7445,1.0,1.0,0.8722
frame_001997.jpg,0.8572,1.0,1.0,0.9286
frame_001998.jpg,0.9037,1.0,1.0,0.9519
frame_001999.jpg,0.9372,1.0,1.0,0.9686
frame_002000.jpg,0.9295,1.0,1.0,0.9647
frame_002001.jpg,0.8094,1.0,1.0,0.9047
frame_002002.jpg,0.7808,1.0,1.0,0.8904
frame_002003.jpg,0.8804,1.0,1.0,0.9402
frame_002004.jpg,0.9356,1.0,1.0,0.9678
frame_002005.jpg,0.9918,1.0,1.0,0.9959
frame_002006.jpg,1.0,1.0,1.0,1.0
frame_002007.jpg,1.0,1.0,1.0,1.0
frame_002008.jpg,1.0,1.0,1.0,1.0
frame_002009.jpg,0.9975,1.0,1.0,0.9987
frame_002010.jpg,1.0,1.0,0.8471,0.9694
frame_002011.jpg,1.0,1.0,0.8404,0.9681
frame_002012.jpg,1.0,1.0,0.8677,0.9735
frame_002013.jpg,1.0,1.0,0.8514,0.9703
frame_002014.jpg,1.0,1.0,0.8146,0.9629
frame_002015.jpg,1.0,1.0,0.9177,0.9835
frame_002016.jpg,1.0,1.0,0.9561,0.9912
frame_002017.jpg,1.0,1.0,1.0,1.0
frame_002018.jpg,1.0,1.0,1.0,1.0
frame_002019.jpg,1.0,1.0,1.0,1.0
frame_002020.jpg,1.0,1.0,1.0,1.0
frame_002021.jpg,0.9836,1.0,1.0,0.9918
frame_002022.jpg,0.8685,1.0,1.0,0.9343
frame_002023.jpg,0.9298,1.0,1.0,0.9649
frame_002024.jpg,1.0,1.0,1.0,1.0
frame_002025.jpg,1.0,1.0,1.0,1.0
frame_002026.jpg,1.0,1.0,1.0,1.0
frame_002027.jpg,1.0,1.0,1.0,1.0
frame_002028.jpg,0.9807,1.0,1.0,0.9904
frame_002029.jpg,0.9445,1.0,1.0,0.9722
frame_002030.jpg,1.0,1.0,1.0,1.0
frame_002031.jpg,1.0,1.0,1.0,1.0
frame_002032.jpg,0.9225,1.0,1.0,0.9613
frame_002033.jpg,0.8717,1.0,1.0,0.9358
frame_002034.jpg,1.0,1.0,1.0,1.0
frame_002035.jpg,1.0,1.0,1.0,1.0
frame_002036.jpg,1.0,1.0,1.0,1.0
frame_002037.jpg,1.0,1.0,1.0,1.0
frame_002038.jpg,1.0,1.0,1.0,1.0
frame_002039.jpg,1.0,1.0,1.0,1.0
frame_002040.jpg,1.0,1.0,1.0,1.0
frame_002041.jpg,1.0,1.0,1.0,1.0
frame_002042.jpg,1.0,1.0,1.0,1.0
frame_002043.jpg,1.0,1.0,1.0,1.0
frame_002044.jpg,1.0,1.0,1.0,1.0
frame_002045.jpg,1.0,1.0,1.0,1.0
frame_002046.jpg,1.0,1.0,1.0,1.0
frame_002047.jpg,1.0,1.0,1.0,1.0
frame_002048.jpg,1.0,1.0,1.0,1.0
frame_002049.jpg,1.0,1.0,1.0,1.0
frame_002050.jpg,1.0,1.0,0.9773,0.9955
frame_002051.jpg,1.0,1.0,0.9854,0.9971
frame_002052.jpg,0.9396,1.0,1.0,0.9698
frame_002053.jpg,0.9782,1.0,1.0,0.9891
frame_002054.jpg,0.9908,1.0,1.0,0.9954
frame_002055.jpg,0.9943,1.0,1.0,0.9971
frame_002056.jpg,1.0,1.0,1.0,1.0
frame_002057.jpg,1.0,1.0,1.0,1.0
frame_002058.jpg,0.9963,1.0,1.0,0.9981
frame_002059.jpg,0.6948,1.0,1.0,0.8474
frame_002060.jpg,0.6189,1.0,1.0,0.8094
frame_002061.jpg,0.8454,1.0,1.0,0.9227
frame_002062.jpg,0.9664,1.0,1.0,0.9832
frame_002063.jpg,0.9274,1.0,1.0,0.9637
frame_002064.jpg,0.9001,1.0,1.0,0.9501
frame_002065.jpg,0.9232,1.0,1.0,0.9616
frame_002066.jpg,0.8672,1.0,1.0,0.9336
frame_002067.jpg,0.9579,1.0,1.0,0.9789
frame_002068.jpg,1.0,1.0,1.0,1.0
frame_002069.jpg,0.9339,1.0,1.0,0.9669
frame_002070.jpg,0.7882,1.0,1.0,0.8941
frame_002071.jpg,0.8854,1.0,1.0,0.9427
frame_002072.jpg,0.9809,1.0,1.0,0.9904
frame_002073.jpg,0.8512,1.0,1.0,0.9256
frame_002074.jpg,0.7905,1.0,1.0,0.8952
frame_002075.jpg,0.8672,1.0,1.0,0.9336
frame_002076.jpg,0.9536,1.0,1.0,0.9768
frame_002077.jpg,1.0,1.0,1.0,1.0
frame_002078.jpg,1.0,1.0,1.0,1.0
frame_002079.jpg,1.0,1.0,1.0,1.0
frame_002080.jpg,1.0,1.0,1.0,1.0
frame_002081.jpg,0.9992,1.0,1.0,0.9996
frame_002082.jpg,1.0,1.0,1.0,1.0
frame_002083.jpg,1.0,1.0,1.0,1.0
frame_002084.jpg,1.0,1.0,1.0,1.0
frame_002085.jpg,1.0,1.0,1.0,1.0
frame_002086.jpg,1.0,1.0,1.0,1.0
frame_002087.jpg,1.0,1.0,1.0,1.0
frame_002088.jpg,1.0,1.0,1.0,1.0
frame_002089.jpg,1.0,1.0,1.0,1.0
frame_002090.jpg,0.9779,1.0,1.0,0.989
frame_002091.jpg,0.8619,1.0,1.0,0.9309
frame_002092.jpg,1.0,1.0,1.0,1.0
frame_002093.jpg,1.0,1.0,1.0,1.0
frame_002094.jpg,1.0,1.0,1.0,1.0
frame_002095.jpg,1.0,1.0,1.0,1.0
frame_002096.jpg,1.0,1.0,1.0,1.0
frame_002097.jpg,1.0,1.0,1.0,1.0
frame_002098.jpg,0.833,1.0,1.0,0.9165
frame_002099.jpg,0.7013,1.0,1.0,0.8506
frame_002100.jpg,0.8849,1.0,1.0,0.9425
frame_002101.jpg,1.0,1.0,1.0,1.0
frame_002102.jpg,1.0,1.0,1.0,1.0
frame_002103.jpg,1.0,1.0,1.0,1.0
frame_002104.jpg,1.0,1.0,1.0,1.0
frame_002105.jpg,0.3505,1.0,1.0,0.6752
frame_002106.jpg,0.8146,1.0,1.0,0.9073
frame_002107.jpg,1.0,1.0,1.0,1.0
frame_002108.jpg,0.9218,1.0,1.0,0.9609
frame_002109.jpg,1.0,1.0,1.0,1.0
frame_002110.jpg,1.0,1.0,1.0,1.0
frame_002111.jpg,1.0,1.0,1.0,1.0
frame_002112.jpg,0.9896,1.0,1.0,0.9948
frame_002113.jpg,0.8599,1.0,1.0,0.93
frame_002114.jpg,1.0,1.0,1.0,1.0
frame_002115.jpg,0.995,1.0,1.0,0.9975
frame_002116.jpg,0.9349,1.0,1.0,0.9674
frame_002117.jpg,0.916,1.0,1.0,0.958
frame_002118.jpg,0.1587,1.0,1.0,0.5793
frame_002119.jpg,0.1332,1.0,1.0,0.5666
frame_002120.jpg,0.7323,1.0,1.0,0.8661
frame_002121.jpg,0.5986,1.0,1.0,0.7993
frame_002122.jpg,0.709,1.0,1.0,0.8545
frame_002123.jpg,0.7105,1.0,1.0,0.8552
frame_002124.jpg,0.7515,1.0,1.0,0.8758
frame_002125.jpg,0.8895,1.0,1.0,0.9448
frame_002126.jpg,0.9923,1.0,1.0,0.9961
frame_002127.jpg,0.9981,1.0,1.0,0.999
frame_002128.jpg,0.9771,1.0,1.0,0.9885
frame_002129.jpg,0.6785,1.0,1.0,0.8392
frame_002130.jpg,0.6007,1.0,1.0,0.8003
frame_002131.jpg,0.712,1.0,1.0,0.856
frame_002132.jpg,0.8217,1.0,1.0,0.9108
frame_002133.jpg,0.9102,1.0,1.0,0.9551
frame_002134.jpg,0.6383,1.0,1.0,0.8192
frame_002135.jpg,0.2671,1.0,1.0,0.6336
frame_002136.jpg,0.3698,1.0,1.0,0.6849
frame_002137.jpg,0.839,1.0,1.0,0.9195
frame_002138.jpg,0.8982,1.0,1.0,0.9491
frame_002139.jpg,0.8325,1.0,1.0,0.9163
frame_002140.jpg,0.9888,1.0,1.0,0.9944
frame_002141.jpg,1.0,1.0,1.0,1.0
frame_002142.jpg,1.0,1.0,1.0,1.0
frame_002143.jpg,0.8879,1.0,1.0,0.944
frame_002144.jpg,0.6715,1.0,1.0,0.8357
frame_002145.jpg,0.8723,1.0,1.0,0.9361
frame_002146.jpg,1.0,1.0,1.0,1.0
frame_002147.jpg,1.0,1.0,1.0,1.0
frame_002148.jpg,1.0,1.0,1.0,1.0
frame_002149.jpg,0.8236,1.0,1.0,0.9118
frame_002150.jpg,0.6971,1.0,1.0,0.8485
frame_002151.jpg,0.5387,1.0,1.0,0.7694
frame_002152.jpg,0.4207,1.0,1.0,0.7103
frame_002153.jpg,0.9,1.0,1.0,0.95
frame_002154.jpg,1.0,1.0,1.0,1.0
frame_002155.jpg,1.0,1.0,1.0,1.0
frame_002156.jpg,1.0,1.0,1.0,1.0
frame_002157.jpg,1.0,1.0,1.0,1.0
frame_002158.jpg,0.6087,1.0,1.0,0.8043
frame_002159.jpg,0.5592,1.0,1.0,0.7796
frame_002160.jpg,0.7927,1.0,1.0,0.8963
frame_002161.jpg,0.8964,1.0,1.0,0.9482
frame_002162.jpg,0.8624,1.0,1.0,0.9312
frame_002163.jpg,1.0,1.0,1.0,1.0
frame_002164.jpg,0.5953,1.0,1.0,0.7977
frame_002165.jpg,0.6499,1.0,1.0,0.8249
frame_002166.jpg,0.3931,1.0,1.0,0.6965
frame_002167.jpg,0.7533,1.0,1.0,0.8766
frame_002168.jpg,0.9195,1.0,1.0,0.9598
frame_002169.jpg,0.4023,1.0,1.0,0.7011
frame_002170.jpg,0.4573,1.0,1.0,0.7286
frame_002171.jpg,0.8159,1.0,1.0,0.908
frame_002172.jpg,0.9131,1.0,1.0,0.9566
frame_002173.jpg,0.8843,1.0,1.0,0.9422
frame_002174.jpg,0.8769,1.0,1.0,0.9384
frame_002175.jpg,0.892,1.0,1.0,0.946
frame_002176.jpg,0.5706,1.0,1.0,0.7853
frame_002177.jpg,0.429,1.0,1.0,0.7145
frame_002178.jpg,0.9496,1.0,1.0,0.9748
frame_002179.jpg,1.0,1.0,1.0,1.0
frame_002180.jpg,1.0,1.0,1.0,1.0
frame_002181.jpg,0.9867,1.0,1.0,0.9934
frame_002182.jpg,0.8107,1.0,1.0,0.9054
frame_002183.jpg,0.5989,1.0,1.0,0.7994
frame_002184.jpg,0.7014,1.0,1.0,0.8507
frame_002185.jpg,1.0,1.0,1.0,1.0
frame_002186.jpg,1.0,1.0,1.0,1.0
frame_002187.jpg,0.9799,1.0,1.0,0.99
frame_002188.jpg,1.0,1.0,1.0,1.0
frame_002189.jpg,1.0,1.0,1.0,1.0
frame_002190.jpg,1.0,1.0,1.0,1.0
frame_002191.jpg,1.0,1.0,1.0,1.0
frame_002192.jpg,1.0,1.0,1.0,1.0
frame_002193.jpg,1.0,1.0,1.0,1.0
frame_002194.jpg,1.0,1.0,1.0,1.0
frame_002195.jpg,0.9165,1.0,1.0,0.9582
frame_002196.jpg,0.7803,1.0,1.0,0.8902
frame_002197.jpg,0.8226,1.0,1.0,0.9113
frame_002198.jpg,0.9972,1.0,1.0,0.9986
frame_002199.jpg,1.0,1.0,1.0,1.0
frame_002200.jpg,1.0,1.0,1.0,1.0
frame_002201.jpg,0.9845,1.0,1.0,0.9922
frame_002202.jpg,1.0,1.0,1.0,1.0
frame_002203.jpg,0.888,1.0,1.0,0.944
frame_002204.jpg,0.3536,1.0,1.0,0.6768
frame_002205.jpg,0.2844,1.0,1.0,0.6422
frame_002206.jpg,0.4733,1.0,1.0,0.7366
frame_002207.jpg,0.9489,1.0,1.0,0.9744
frame_002208.jpg,1.0,1.0,1.0,1.0
frame_002209.jpg,0.9057,1.0,1.0,0.9528
frame_002210.jpg,0.6657,1.0,1.0,0.8328
frame_002211.jpg,1.0,1.0,1.0,1.0
frame_002212.jpg,0.8168,1.0,1.0,0.9084
frame_002213.jpg,0.2286,1.0,1.0,0.6143
frame_002214.jpg,0.1789,1.0,1.0,0.5895
frame_002215.jpg,0.8223,1.0,1.0,0.9111
frame_002216.jpg,0.9502,1.0,1.0,0.9751
frame_002217.jpg,0.9322,1.0,1.0,0.9661
frame_002218.jpg,0.7688,1.0,1.0,0.8844
frame_002219.jpg,0.4784,1.0,1.0,0.7392
frame_002220.jpg,0.7184,1.0,1.0,0.8592
frame_002221.jpg,0.9578,1.0,1.0,0.9789
frame_002222.jpg,0.9561,1.0,1.0,0.978
frame_002223.jpg,0.7507,1.0,1.0,0.8753
frame_002224.jpg,0.5944,1.0,1.0,0.7972
frame_002225.jpg,0.8591,1.0,1.0,0.9295
frame_002226.jpg,0.971,1.0,1.0,0.9855
frame_002227.jpg,0.9586,1.0,1.0,0.9793
frame_002228.jpg,0.3813,1.0,1.0,0.6906
frame_002229.jpg,0.3057,1.0,1.0,0.6528
frame_002230.jpg,0.3927,1.0,1.0,0.6963
frame_002231.jpg,0.7332,1.0,1.0,0.8666
frame_002232.jpg,1.0,1.0,1.0,1.0
frame_002233.jpg,1.0,1.0,1.0,1.0
frame_002234.jpg,1.0,1.0,1.0,1.0
frame_002235.jpg,1.0,1.0,1.0,1.0
frame_002236.jpg,1.0,1.0,1.0,1.0
frame_002237.jpg,1.0,1.0,1.0,1.0
frame_002238.jpg,0.646,1.0,1.0,0.823
frame_002239.jpg,0.4164,1.0,1.0,0.7082
frame_002240.jpg,0.6933,1.0,1.0,0.8467
frame_002241.jpg,1.0,1.0,1.0,1.0
frame_002242.jpg,1.0,1.0,1.0,1.0
frame_002243.jpg,1.0,1.0,1.0,1.0
