frame,num_detections,total_bbox_area_ratio,mean_bbox_area_ratio,max_bbox_area_ratio,total_crack_length_px,mean_crack_length_px,damage_density,mean_confidence,mean_uncertainty,severity_score,class_counts,blur_score,brightness_score,motion_score,reliability
frame_000000.jpg,0,0.0,0.0,0.0,0.0,0.0,0.0,0.0,0.0,0.0,{},0.133,1.0,0.6614,0.4988
frame_000001.jpg,0,0.0,0.0,0.0,0.0,0.0,0.0,0.0,0.0,0.0,{},0.0922,1.0,0.6687,0.4798
frame_000002.jpg,0,0.0,0.0,0.0,0.0,0.0,0.0,0.0,0.0,0.0,{},0.0772,1.0,0.6819,0.475
frame_000003.jpg,0,0.0,0.0,0.0,0.0,0.0,0.0,0.0,0.0,0.0,{},0.0751,1.0,0.6845,0.4744
frame_000004.jpg,0,0.0,0.0,0.0,0.0,0.0,0.0,0.0,0.0,0.0,{},0.0742,1.0,0.6886,0.4748
frame_000005.jpg,0,0.0,0.0,0.0,0.0,0.0,0.0,0.0,0.0,0.0,{},0.0766,1.0,0.6869,0.4757
frame_000006.jpg,0,0.0,0.0,0.0,0.0,0.0,0.0,0.0,0.0,0.0,{},0.0867,1.0,0.6878,0.4809
frame_000007.jpg,0,0.0,0.0,0.0,0.0,0.0,0.0,0.0,0.0,0.0,{},0.0843,1.0,0.6944,0.481
frame_000008.jpg,0,0.0,0.0,0.0,0.0,0.0,0.0,0.0,0.0,0.0,{},0.0877,1.0,0.6751,0.4789
frame_000009.jpg,0,0.0,0.0,0.0,0.0,0.0,0.0,0.0,0.0,0.0,{},0.0955,1.0,0.6342,0.4746
frame_000010.jpg,0,0.0,0.0,0.0,0.0,0.0,0.0,0.0,0.0,0.0,{},0.1065,1.0,0.6024,0.4737
frame_000011.jpg,0,0.0,0.0,0.0,0.0,0.0,0.0,0.0,0.0,0.0,{},0.0748,1.0,0.6069,0.4588
frame_000012.jpg,0,0.0,0.0,0.0,0.0,0.0,0.0,0.0,0.0,0.0,{},0.0818,1.0,0.6032,0.4615
frame_000013.jpg,0,0.0,0.0,0.0,0.0,0.0,0.0,0.0,0.0,0.0,{},0.0905,1.0,0.6042,0.4661
frame_000014.jpg,0,0.0,0.0,0.0,0.0,0.0,0.0,0.0,0.0,0.0,{},0.0796,1.0,0.6286,0.4655
frame_000015.jpg,0,0.0,0.0,0.0,0.0,0.0,0.0,0.0,0.0,0.0,{},0.0718,1.0,0.6503,0.4659
frame_000016.jpg,0,0.0,0.0,0.0,0.0,0.0,0.0,0.0,0.0,0.0,{},0.0806,1.0,0.6756,0.4754
frame_000017.jpg,0,0.0,0.0,0.0,0.0,0.0,0.0,0.0,0.0,0.0,{},0.0866,1.0,0.6657,0.4765
frame_000018.jpg,0,0.0,0.0,0.0,0.0,0.0,0.0,0.0,0.0,0.0,{},0.0673,1.0,0.6872,0.4711
frame_000019.jpg,0,0.0,0.0,0.0,0.0,0.0,0.0,0.0,0.0,0.0,{},0.0691,1.0,0.7448,0.4835
frame_000020.jpg,0,0.0,0.0,0.0,0.0,0.0,0.0,0.0,0.0,0.0,{},0.08,1.0,0.762,0.4924
frame_000021.jpg,0,0.0,0.0,0.0,0.0,0.0,0.0,0.0,0.0,0.0,{},0.0936,1.0,0.773,0.5014
frame_000022.jpg,0,0.0,0.0,0.0,0.0,0.0,0.0,0.0,0.0,0.0,{},0.0877,1.0,0.7912,0.5021
frame_000023.jpg,0,0.0,0.0,0.0,0.0,0.0,0.0,0.0,0.0,0.0,{},0.089,1.0,0.7898,0.5024
frame_000024.jpg,0,0.0,0.0,0.0,0.0,0.0,0.0,0.0,0.0,0.0,{},0.0973,1.0,0.7859,0.5058
frame_000025.jpg,0,0.0,0.0,0.0,0.0,0.0,0.0,0.0,0.0,0.0,{},0.1207,1.0,0.7801,0.5164
frame_000026.jpg,0,0.0,0.0,0.0,0.0,0.0,0.0,0.0,0.0,0.0,{},0.1131,1.0,0.789,0.5144
frame_000027.jpg,0,0.0,0.0,0.0,0.0,0.0,0.0,0.0,0.0,0.0,{},0.1026,1.0,0.7887,0.5091
frame_000028.jpg,0,0.0,0.0,0.0,0.0,0.0,0.0,0.0,0.0,0.0,{},0.0894,1.0,0.7895,0.5026
frame_000029.jpg,0,0.0,0.0,0.0,0.0,0.0,0.0,0.0,0.0,0.0,{},0.0724,1.0,0.7994,0.4961
frame_000030.jpg,0,0.0,0.0,0.0,0.0,0.0,0.0,0.0,0.0,0.0,{},0.0903,1.0,0.8117,0.5075
frame_000031.jpg,0,0.0,0.0,0.0,0.0,0.0,0.0,0.0,0.0,0.0,{},0.1146,1.0,0.809,0.5191
frame_000032.jpg,0,0.0,0.0,0.0,0.0,0.0,0.0,0.0,0.0,0.0,{},0.0986,1.0,0.8228,0.5139
frame_000033.jpg,0,0.0,0.0,0.0,0.0,0.0,0.0,0.0,0.0,0.0,{},0.1307,1.0,0.8309,0.5316
frame_000034.jpg,0,0.0,0.0,0.0,0.0,0.0,0.0,0.0,0.0,0.0,{},0.1228,1.0,0.8284,0.5271
frame_000035.jpg,0,0.0,0.0,0.0,0.0,0.0,0.0,0.0,0.0,0.0,{},0.093,1.0,0.8241,0.5113
frame_000036.jpg,0,0.0,0.0,0.0,0.0,0.0,0.0,0.0,0.0,0.0,{},0.08,1.0,0.8298,0.5059
frame_000037.jpg,0,0.0,0.0,0.0,0.0,0.0,0.0,0.0,0.0,0.0,{},0.12,1.0,0.8064,0.5213
frame_000038.jpg,0,0.0,0.0,0.0,0.0,0.0,0.0,0.0,0.0,0.0,{},0.1354,1.0,0.787,0.5251
frame_000039.jpg,0,0.0,0.0,0.0,0.0,0.0,0.0,0.0,0.0,0.0,{},0.1189,1.0,0.7651,0.5125
frame_000040.jpg,0,0.0,0.0,0.0,0.0,0.0,0.0,0.0,0.0,0.0,{},0.1297,1.0,0.7725,0.5193
frame_000041.jpg,0,0.0,0.0,0.0,0.0,0.0,0.0,0.0,0.0,0.0,{},0.125,1.0,0.7961,0.5217
frame_000042.jpg,0,0.0,0.0,0.0,0.0,0.0,0.0,0.0,0.0,0.0,{},0.1005,1.0,0.809,0.512
frame_000043.jpg,0,0.0,0.0,0.0,0.0,0.0,0.0,0.0,0.0,0.0,{},0.0947,1.0,0.8084,0.509
frame_000044.jpg,0,0.0,0.0,0.0,0.0,0.0,0.0,0.0,0.0,0.0,{},0.1263,1.0,0.8025,0.5237
frame_000045.jpg,0,0.0,0.0,0.0,0.0,0.0,0.0,0.0,0.0,0.0,{},0.1164,1.0,0.8118,0.5205
frame_000046.jpg,0,0.0,0.0,0.0,0.0,0.0,0.0,0.0,0.0,0.0,{},0.1104,1.0,0.8173,0.5187
frame_000047.jpg,0,0.0,0.0,0.0,0.0,0.0,0.0,0.0,0.0,0.0,{},0.1078,1.0,0.8271,0.5193
frame_000048.jpg,0,0.0,0.0,0.0,0.0,0.0,0.0,0.0,0.0,0.0,{},0.1113,1.0,0.8304,0.5217
frame_000049.jpg,0,0.0,0.0,0.0,0.0,0.0,0.0,0.0,0.0,0.0,{},0.1373,1.0,0.8257,0.5338
frame_000050.jpg,0,0.0,0.0,0.0,0.0,0.0,0.0,0.0,0.0,0.0,{},0.1448,1.0,0.8349,0.5394
frame_000051.jpg,0,0.0,0.0,0.0,0.0,0.0,0.0,0.0,0.0,0.0,{},0.1325,1.0,0.8378,0.5338
frame_000052.jpg,0,0.0,0.0,0.0,0.0,0.0,0.0,0.0,0.0,0.0,{},0.1096,1.0,0.8377,0.5223
frame_000053.jpg,0,0.0,0.0,0.0,0.0,0.0,0.0,0.0,0.0,0.0,{},0.1339,1.0,0.8497,0.5369
frame_000054.jpg,0,0.0,0.0,0.0,0.0,0.0,0.0,0.0,0.0,0.0,{},0.1245,1.0,0.8485,0.532
frame_000055.jpg,0,0.0,0.0,0.0,0.0,0.0,0.0,0.0,0.0,0.0,{},0.1036,1.0,0.8558,0.523
frame_000056.jpg,0,0.0,0.0,0.0,0.0,0.0,0.0,0.0,0.0,0.0,{},0.1167,1.0,0.8505,0.5285
frame_000057.jpg,0,0.0,0.0,0.0,0.0,0.0,0.0,0.0,0.0,0.0,{},0.1204,1.0,0.8644,0.5331
frame_000058.jpg,0,0.0,0.0,0.0,0.0,0.0,0.0,0.0,0.0,0.0,{},0.1167,1.0,0.8487,0.5281
frame_000059.jpg,0,0.0,0.0,0.0,0.0,0.0,0.0,0.0,0.0,0.0,{},0.1089,1.0,0.8325,0.521
frame_000060.jpg,0,0.0,0.0,0.0,0.0,0.0,0.0,0.0,0.0,0.0,{},0.1039,1.0,0.8473,0.5214
frame_000061.jpg,0,0.0,0.0,0.0,0.0,0.0,0.0,0.0,0.0,0.0,{},0.1063,1.0,0.8669,0.5265
frame_000062.jpg,0,0.0,0.0,0.0,0.0,0.0,0.0,0.0,0.0,0.0,{},0.1108,1.0,0.8588,0.5272
frame_000063.jpg,0,0.0,0.0,0.0,0.0,0.0,0.0,0.0,0.0,0.0,{},0.1298,1.0,0.84,0.5329
frame_000064.jpg,0,0.0,0.0,0.0,0.0,0.0,0.0,0.0,0.0,0.0,{},0.1164,1.0,0.8484,0.5279
frame_000065.jpg,0,0.0,0.0,0.0,0.0,0.0,0.0,0.0,0.0,0.0,{},0.1062,1.0,0.8297,0.519
frame_000066.jpg,0,0.0,0.0,0.0,0.0,0.0,0.0,0.0,0.0,0.0,{},0.1407,1.0,0.7971,0.5298
frame_000067.jpg,0,0.0,0.0,0.0,0.0,0.0,0.0,0.0,0.0,0.0,{},0.1142,1.0,0.7736,0.5118
frame_000068.jpg,0,0.0,0.0,0.0,0.0,0.0,0.0,0.0,0.0,0.0,{},0.12,1.0,0.7524,0.5105
frame_000069.jpg,0,0.0,0.0,0.0,0.0,0.0,0.0,0.0,0.0,0.0,{},0.1401,1.0,0.7334,0.5167
frame_000070.jpg,0,0.0,0.0,0.0,0.0,0.0,0.0,0.0,0.0,0.0,{},0.1611,1.0,0.7139,0.5233
frame_000071.jpg,0,0.0,0.0,0.0,0.0,0.0,0.0,0.0,0.0,0.0,{},0.1262,1.0,0.6955,0.5022
frame_000072.jpg,0,0.0,0.0,0.0,0.0,0.0,0.0,0.0,0.0,0.0,{},0.1158,1.0,0.6814,0.4942
frame_000073.jpg,0,0.0,0.0,0.0,0.0,0.0,0.0,0.0,0.0,0.0,{},0.1287,1.0,0.6624,0.4968
frame_000074.jpg,0,0.0,0.0,0.0,0.0,0.0,0.0,0.0,0.0,0.0,{},0.1439,1.0,0.6252,0.497
frame_000075.jpg,0,0.0,0.0,0.0,0.0,0.0,0.0,0.0,0.0,0.0,{},0.141,1.0,0.61,0.4925
frame_000076.jpg,1,0.080657,0.080657,0.080657,235.0,235.0,0.005039,0.258301,0.0,0.153118,"{""alligator_crack"": 1}",0.1188,1.0,0.6165,0.4827
frame_000077.jpg,0,0.0,0.0,0.0,0.0,0.0,0.0,0.0,0.0,0.0,{},0.1197,1.0,0.6135,0.4826
frame_000078.jpg,1,0.094236,0.094236,0.094236,258.0,258.0,0.005039,0.289307,0.0,0.170658,"{""alligator_crack"": 1}",0.1189,1.0,0.6061,0.4807
frame_000079.jpg,1,0.091371,0.091371,0.091371,246.0,246.0,0.005039,0.271973,0.0,0.163405,"{""alligator_crack"": 1}",0.1035,1.0,0.6126,0.4743
frame_000080.jpg,2,0.164224,0.082112,0.096406,536.0,268.0,0.010078,0.367675,0.045923,0.340341,"{""alligator_crack"": 2}",0.1033,1.0,0.6072,0.4731
frame_000081.jpg,1,0.091185,0.091185,0.091185,373.0,373.0,0.005039,0.383057,0.0,0.226428,"{""alligator_crack"": 1}",0.1025,1.0,0.6007,0.4714
frame_000082.jpg,1,0.098775,0.098775,0.098775,318.0,318.0,0.005039,0.511719,0.0,0.202514,"{""alligator_crack"": 1}",0.109,1.0,0.6027,0.475
frame_000083.jpg,0,0.0,0.0,0.0,0.0,0.0,0.0,0.0,0.0,0.0,{},0.1067,1.0,0.6041,0.4742
frame_000084.jpg,1,0.088618,0.088618,0.088618,374.0,374.0,0.005039,0.312256,0.0,0.22577,"{""alligator_crack"": 1}",0.0979,1.0,0.6079,0.4705
frame_000085.jpg,1,0.103879,0.103879,0.103879,355.0,355.0,0.005039,0.343262,0.0,0.223196,"{""alligator_crack"": 1}",0.1057,1.0,0.6092,0.4747
frame_000086.jpg,0,0.0,0.0,0.0,0.0,0.0,0.0,0.0,0.0,0.0,{},0.1459,1.0,0.599,0.4928
frame_000087.jpg,0,0.0,0.0,0.0,0.0,0.0,0.0,0.0,0.0,0.0,{},0.137,1.0,0.6069,0.4899
frame_000088.jpg,0,0.0,0.0,0.0,0.0,0.0,0.0,0.0,0.0,0.0,{},0.1416,1.0,0.6161,0.494
frame_000089.jpg,0,0.0,0.0,0.0,0.0,0.0,0.0,0.0,0.0,0.0,{},0.15,1.0,0.6188,0.4987
frame_000090.jpg,0,0.0,0.0,0.0,0.0,0.0,0.0,0.0,0.0,0.0,{},0.3619,1.0,0.6202,0.605
frame_000091.jpg,0,0.0,0.0,0.0,0.0,0.0,0.0,0.0,0.0,0.0,{},0.4957,1.0,0.6385,0.6756
frame_000092.jpg,0,0.0,0.0,0.0,0.0,0.0,0.0,0.0,0.0,0.0,{},0.3299,1.0,0.6536,0.5957
frame_000093.jpg,0,0.0,0.0,0.0,0.0,0.0,0.0,0.0,0.0,0.0,{},0.2735,1.0,0.6612,0.569
frame_000094.jpg,0,0.0,0.0,0.0,0.0,0.0,0.0,0.0,0.0,0.0,{},0.2521,1.0,0.6644,0.559
frame_000095.jpg,0,0.0,0.0,0.0,0.0,0.0,0.0,0.0,0.0,0.0,{},0.2802,1.0,0.6586,0.5718
frame_000096.jpg,0,0.0,0.0,0.0,0.0,0.0,0.0,0.0,0.0,0.0,{},0.2919,1.0,0.6555,0.5771
frame_000097.jpg,0,0.0,0.0,0.0,0.0,0.0,0.0,0.0,0.0,0.0,{},0.2363,1.0,0.6472,0.5476
frame_000098.jpg,0,0.0,0.0,0.0,0.0,0.0,0.0,0.0,0.0,0.0,{},0.2696,1.0,0.6546,0.5657
frame_000099.jpg,0,0.0,0.0,0.0,0.0,0.0,0.0,0.0,0.0,0.0,{},0.4694,1.0,0.6805,0.6708
frame_000100.jpg,0,0.0,0.0,0.0,0.0,0.0,0.0,0.0,0.0,0.0,{},0.2504,1.0,0.7035,0.5659
frame_000101.jpg,0,0.0,0.0,0.0,0.0,0.0,0.0,0.0,0.0,0.0,{},0.253,1.0,0.7275,0.572
frame_000102.jpg,0,0.0,0.0,0.0,0.0,0.0,0.0,0.0,0.0,0.0,{},0.2647,1.0,0.7567,0.5837
frame_000103.jpg,0,0.0,0.0,0.0,0.0,0.0,0.0,0.0,0.0,0.0,{},0.2536,1.0,0.7552,0.5779
frame_000104.jpg,0,0.0,0.0,0.0,0.0,0.0,0.0,0.0,0.0,0.0,{},0.2353,1.0,0.7422,0.5661
frame_000105.jpg,0,0.0,0.0,0.0,0.0,0.0,0.0,0.0,0.0,0.0,{},0.1811,1.0,0.7197,0.5345
frame_000106.jpg,0,0.0,0.0,0.0,0.0,0.0,0.0,0.0,0.0,0.0,{},0.1704,1.0,0.7192,0.5291
frame_000107.jpg,0,0.0,0.0,0.0,0.0,0.0,0.0,0.0,0.0,0.0,{},0.1659,1.0,0.7408,0.5311
frame_000108.jpg,0,0.0,0.0,0.0,0.0,0.0,0.0,0.0,0.0,0.0,{},0.1811,1.0,0.7561,0.5418
frame_000109.jpg,0,0.0,0.0,0.0,0.0,0.0,0.0,0.0,0.0,0.0,{},0.2605,1.0,0.7812,0.5865
frame_000110.jpg,0,0.0,0.0,0.0,0.0,0.0,0.0,0.0,0.0,0.0,{},0.2295,1.0,0.8089,0.5765
frame_000111.jpg,0,0.0,0.0,0.0,0.0,0.0,0.0,0.0,0.0,0.0,{},0.2147,1.0,0.816,0.5706
frame_000112.jpg,0,0.0,0.0,0.0,0.0,0.0,0.0,0.0,0.0,0.0,{},0.2473,1.0,0.8535,0.5943
frame_000113.jpg,0,0.0,0.0,0.0,0.0,0.0,0.0,0.0,0.0,0.0,{},0.2187,1.0,0.8637,0.5821
frame_000114.jpg,0,0.0,0.0,0.0,0.0,0.0,0.0,0.0,0.0,0.0,{},0.1608,1.0,0.859,0.5522
frame_000115.jpg,0,0.0,0.0,0.0,0.0,0.0,0.0,0.0,0.0,0.0,{},0.1576,1.0,0.8649,0.5518
frame_000116.jpg,0,0.0,0.0,0.0,0.0,0.0,0.0,0.0,0.0,0.0,{},0.1742,1.0,0.8851,0.5641
frame_000117.jpg,0,0.0,0.0,0.0,0.0,0.0,0.0,0.0,0.0,0.0,{},0.2631,1.0,0.882,0.6079
frame_000118.jpg,0,0.0,0.0,0.0,0.0,0.0,0.0,0.0,0.0,0.0,{},0.2913,1.0,0.8701,0.6197
frame_000119.jpg,0,0.0,0.0,0.0,0.0,0.0,0.0,0.0,0.0,0.0,{},0.298,1.0,0.8595,0.6209
frame_000120.jpg,0,0.0,0.0,0.0,0.0,0.0,0.0,0.0,0.0,0.0,{},0.3022,1.0,0.8569,0.6225
frame_000121.jpg,0,0.0,0.0,0.0,0.0,0.0,0.0,0.0,0.0,0.0,{},0.2081,1.0,0.8238,0.5688
frame_000122.jpg,0,0.0,0.0,0.0,0.0,0.0,0.0,0.0,0.0,0.0,{},0.178,1.0,0.7782,0.5446
frame_000123.jpg,0,0.0,0.0,0.0,0.0,0.0,0.0,0.0,0.0,0.0,{},0.1932,1.0,0.7898,0.5546
frame_000124.jpg,0,0.0,0.0,0.0,0.0,0.0,0.0,0.0,0.0,0.0,{},0.1962,1.0,0.7972,0.5575
frame_000125.jpg,0,0.0,0.0,0.0,0.0,0.0,0.0,0.0,0.0,0.0,{},0.1901,1.0,0.7992,0.5549
frame_000126.jpg,0,0.0,0.0,0.0,0.0,0.0,0.0,0.0,0.0,0.0,{},0.1915,1.0,0.8246,0.5607
frame_000127.jpg,0,0.0,0.0,0.0,0.0,0.0,0.0,0.0,0.0,0.0,{},0.2628,1.0,0.8589,0.6032
frame_000128.jpg,0,0.0,0.0,0.0,0.0,0.0,0.0,0.0,0.0,0.0,{},0.3379,1.0,0.9016,0.6493
frame_000129.jpg,0,0.0,0.0,0.0,0.0,0.0,0.0,0.0,0.0,0.0,{},0.283,1.0,0.9021,0.6219
frame_000130.jpg,0,0.0,0.0,0.0,0.0,0.0,0.0,0.0,0.0,0.0,{},0.2442,1.0,0.8676,0.5956
frame_000131.jpg,0,0.0,0.0,0.0,0.0,0.0,0.0,0.0,0.0,0.0,{},0.2079,1.0,0.8619,0.5763
frame_000132.jpg,0,0.0,0.0,0.0,0.0,0.0,0.0,0.0,0.0,0.0,{},0.229,1.0,0.8532,0.5851
frame_000133.jpg,0,0.0,0.0,0.0,0.0,0.0,0.0,0.0,0.0,0.0,{},0.2837,1.0,0.8328,0.6084
frame_000134.jpg,0,0.0,0.0,0.0,0.0,0.0,0.0,0.0,0.0,0.0,{},0.3164,1.0,0.8555,0.6293
frame_000135.jpg,0,0.0,0.0,0.0,0.0,0.0,0.0,0.0,0.0,0.0,{},0.2475,1.0,0.8475,0.5932
frame_000136.jpg,0,0.0,0.0,0.0,0.0,0.0,0.0,0.0,0.0,0.0,{},0.278,1.0,0.8377,0.6065
frame_000137.jpg,0,0.0,0.0,0.0,0.0,0.0,0.0,0.0,0.0,0.0,{},0.2589,1.0,0.8423,0.5979
frame_000138.jpg,1,0.05824,0.05824,0.05824,253.0,253.0,0.005039,0.350342,0.0,0.151975,"{""alligator_crack"": 1}",0.2171,1.0,0.8404,0.5767
frame_000139.jpg,1,0.062687,0.062687,0.062687,112.0,112.0,0.005039,0.262939,0.0,0.083913,"{""alligator_crack"": 1}",0.1715,1.0,0.8299,0.5517
frame_000140.jpg,0,0.0,0.0,0.0,0.0,0.0,0.0,0.0,0.0,0.0,{},0.1906,1.0,0.8406,0.5634
frame_000141.jpg,1,0.077,0.077,0.077,2368.0,2368.0,0.005039,0.381104,0.0,0.3847,"{""alligator_crack"": 1}",0.3886,1.0,0.8682,0.668
frame_000142.jpg,1,0.082024,0.082024,0.082024,2637.0,2637.0,0.005039,0.254883,0.0,0.386961,"{""alligator_crack"": 1}",0.348,1.0,0.8957,0.6531
frame_000143.jpg,0,0.0,0.0,0.0,0.0,0.0,0.0,0.0,0.0,0.0,{},0.2458,1.0,0.8622,0.5954
frame_000144.jpg,1,0.004739,0.004739,0.004739,948.0,948.0,0.005039,0.309814,0.0,0.352183,"{""longitudinal_crack"": 1}",0.4243,1.0,0.8843,0.689
frame_000145.jpg,0,0.0,0.0,0.0,0.0,0.0,0.0,0.0,0.0,0.0,{},0.3422,1.0,0.8733,0.6458
frame_000146.jpg,1,0.003482,0.003482,0.003482,704.0,704.0,0.005039,0.262207,0.0,0.351437,"{""longitudinal_crack"": 1}",0.2471,1.0,0.8194,0.5874
frame_000147.jpg,0,0.0,0.0,0.0,0.0,0.0,0.0,0.0,0.0,0.0,{},0.1953,1.0,0.7861,0.5549
frame_000148.jpg,0,0.0,0.0,0.0,0.0,0.0,0.0,0.0,0.0,0.0,{},0.1747,1.0,0.7699,0.5413
frame_000149.jpg,0,0.0,0.0,0.0,0.0,0.0,0.0,0.0,0.0,0.0,{},0.2101,1.0,0.7793,0.5609
frame_000150.jpg,0,0.0,0.0,0.0,0.0,0.0,0.0,0.0,0.0,0.0,{},0.2507,1.0,0.8225,0.5898
frame_000151.jpg,0,0.0,0.0,0.0,0.0,0.0,0.0,0.0,0.0,0.0,{},0.3687,1.0,0.8435,0.6531
frame_000152.jpg,0,0.0,0.0,0.0,0.0,0.0,0.0,0.0,0.0,0.0,{},0.3257,1.0,0.8618,0.6352
frame_000153.jpg,0,0.0,0.0,0.0,0.0,0.0,0.0,0.0,0.0,0.0,{},0.3435,1.0,0.8745,0.6467
frame_000154.jpg,0,0.0,0.0,0.0,0.0,0.0,0.0,0.0,0.0,0.0,{},0.4805,1.0,0.8839,0.717
frame_000155.jpg,0,0.0,0.0,0.0,0.0,0.0,0.0,0.0,0.0,0.0,{},0.3874,1.0,0.8449,0.6627
frame_000156.jpg,0,0.0,0.0,0.0,0.0,0.0,0.0,0.0,0.0,0.0,{},0.3369,1.0,0.8312,0.6347
frame_000157.jpg,0,0.0,0.0,0.0,0.0,0.0,0.0,0.0,0.0,0.0,{},0.2809,1.0,0.8307,0.6066
frame_000158.jpg,0,0.0,0.0,0.0,0.0,0.0,0.0,0.0,0.0,0.0,{},0.2067,1.0,0.7277,0.5489
frame_000159.jpg,0,0.0,0.0,0.0,0.0,0.0,0.0,0.0,0.0,0.0,{},0.1968,1.0,0.6944,0.5373
frame_000160.jpg,0,0.0,0.0,0.0,0.0,0.0,0.0,0.0,0.0,0.0,{},0.1944,1.0,0.6978,0.5367
frame_000161.jpg,0,0.0,0.0,0.0,0.0,0.0,0.0,0.0,0.0,0.0,{},0.2376,1.0,0.7036,0.5595
frame_000162.jpg,0,0.0,0.0,0.0,0.0,0.0,0.0,0.0,0.0,0.0,{},0.2738,1.0,0.7094,0.5788
frame_000163.jpg,0,0.0,0.0,0.0,0.0,0.0,0.0,0.0,0.0,0.0,{},0.2468,1.0,0.7124,0.5659
frame_000164.jpg,0,0.0,0.0,0.0,0.0,0.0,0.0,0.0,0.0,0.0,{},0.2153,1.0,0.7033,0.5483
frame_000165.jpg,0,0.0,0.0,0.0,0.0,0.0,0.0,0.0,0.0,0.0,{},0.4225,1.0,0.7011,0.6514
frame_000166.jpg,0,0.0,0.0,0.0,0.0,0.0,0.0,0.0,0.0,0.0,{},0.5956,1.0,0.705,0.7388
frame_000167.jpg,0,0.0,0.0,0.0,0.0,0.0,0.0,0.0,0.0,0.0,{},0.3374,1.0,0.6806,0.6048
frame_000168.jpg,0,0.0,0.0,0.0,0.0,0.0,0.0,0.0,0.0,0.0,{},0.1511,1.0,0.616,0.4987
frame_000169.jpg,0,0.0,0.0,0.0,0.0,0.0,0.0,0.0,0.0,0.0,{},0.1782,1.0,0.6121,0.5115
frame_000170.jpg,0,0.0,0.0,0.0,0.0,0.0,0.0,0.0,0.0,0.0,{},0.235,1.0,0.6535,0.5482
frame_000171.jpg,0,0.0,0.0,0.0,0.0,0.0,0.0,0.0,0.0,0.0,{},0.2545,1.0,0.6688,0.561
frame_000172.jpg,0,0.0,0.0,0.0,0.0,0.0,0.0,0.0,0.0,0.0,{},0.298,1.0,0.6907,0.5871
frame_000173.jpg,0,0.0,0.0,0.0,0.0,0.0,0.0,0.0,0.0,0.0,{},0.2487,1.0,0.709,0.5662
frame_000174.jpg,0,0.0,0.0,0.0,0.0,0.0,0.0,0.0,0.0,0.0,{},0.2105,1.0,0.7368,0.5526
frame_000175.jpg,0,0.0,0.0,0.0,0.0,0.0,0.0,0.0,0.0,0.0,{},0.2965,1.0,0.8092,0.6101
frame_000176.jpg,0,0.0,0.0,0.0,0.0,0.0,0.0,0.0,0.0,0.0,{},0.5198,1.0,0.8462,0.7291
frame_000177.jpg,0,0.0,0.0,0.0,0.0,0.0,0.0,0.0,0.0,0.0,{},0.4399,1.0,0.8375,0.6874
frame_000178.jpg,0,0.0,0.0,0.0,0.0,0.0,0.0,0.0,0.0,0.0,{},0.3155,1.0,0.7889,0.6155
frame_000179.jpg,0,0.0,0.0,0.0,0.0,0.0,0.0,0.0,0.0,0.0,{},0.474,1.0,0.7516,0.6873
frame_000180.jpg,0,0.0,0.0,0.0,0.0,0.0,0.0,0.0,0.0,0.0,{},0.3891,1.0,0.7087,0.6363
frame_000181.jpg,0,0.0,0.0,0.0,0.0,0.0,0.0,0.0,0.0,0.0,{},0.131,1.0,0.65,0.4955
frame_000182.jpg,0,0.0,0.0,0.0,0.0,0.0,0.0,0.0,0.0,0.0,{},0.1609,1.0,0.625,0.5055
frame_000183.jpg,0,0.0,0.0,0.0,0.0,0.0,0.0,0.0,0.0,0.0,{},0.1913,1.0,0.6391,0.5235
frame_000184.jpg,0,0.0,0.0,0.0,0.0,0.0,0.0,0.0,0.0,0.0,{},0.1913,1.0,0.6632,0.5283
frame_000185.jpg,0,0.0,0.0,0.0,0.0,0.0,0.0,0.0,0.0,0.0,{},0.3705,1.0,0.6838,0.622
frame_000186.jpg,0,0.0,0.0,0.0,0.0,0.0,0.0,0.0,0.0,0.0,{},0.5821,1.0,0.702,0.7314
frame_000187.jpg,0,0.0,0.0,0.0,0.0,0.0,0.0,0.0,0.0,0.0,{},0.4805,1.0,0.7121,0.6827
frame_000188.jpg,0,0.0,0.0,0.0,0.0,0.0,0.0,0.0,0.0,0.0,{},0.3403,1.0,0.6951,0.6092
frame_000189.jpg,0,0.0,0.0,0.0,0.0,0.0,0.0,0.0,0.0,0.0,{},0.2256,1.0,0.6465,0.5421
frame_000190.jpg,0,0.0,0.0,0.0,0.0,0.0,0.0,0.0,0.0,0.0,{},0.1639,1.0,0.6294,0.5079
frame_000191.jpg,0,0.0,0.0,0.0,0.0,0.0,0.0,0.0,0.0,0.0,{},0.2166,1.0,0.6354,0.5354
frame_000192.jpg,0,0.0,0.0,0.0,0.0,0.0,0.0,0.0,0.0,0.0,{},0.5438,1.0,0.6459,0.7011
frame_000193.jpg,0,0.0,0.0,0.0,0.0,0.0,0.0,0.0,0.0,0.0,{},0.5527,1.0,0.6598,0.7083
frame_000194.jpg,0,0.0,0.0,0.0,0.0,0.0,0.0,0.0,0.0,0.0,{},0.3757,1.0,0.6413,0.6161
frame_000195.jpg,0,0.0,0.0,0.0,0.0,0.0,0.0,0.0,0.0,0.0,{},0.3011,1.0,0.6173,0.574
frame_000196.jpg,0,0.0,0.0,0.0,0.0,0.0,0.0,0.0,0.0,0.0,{},0.3395,1.0,0.6209,0.5939
frame_000197.jpg,0,0.0,0.0,0.0,0.0,0.0,0.0,0.0,0.0,0.0,{},0.3552,1.0,0.6502,0.6077
frame_000198.jpg,0,0.0,0.0,0.0,0.0,0.0,0.0,0.0,0.0,0.0,{},0.4059,1.0,0.6844,0.6398
frame_000199.jpg,0,0.0,0.0,0.0,0.0,0.0,0.0,0.0,0.0,0.0,{},0.5039,1.0,0.7154,0.695
frame_000200.jpg,0,0.0,0.0,0.0,0.0,0.0,0.0,0.0,0.0,0.0,{},0.5986,1.0,0.758,0.7509
frame_000201.jpg,0,0.0,0.0,0.0,0.0,0.0,0.0,0.0,0.0,0.0,{},0.5699,1.0,0.7868,0.7423
frame_000202.jpg,0,0.0,0.0,0.0,0.0,0.0,0.0,0.0,0.0,0.0,{},0.4319,1.0,0.7738,0.6707
frame_000203.jpg,0,0.0,0.0,0.0,0.0,0.0,0.0,0.0,0.0,0.0,{},0.3104,1.0,0.7619,0.6076
frame_000204.jpg,0,0.0,0.0,0.0,0.0,0.0,0.0,0.0,0.0,0.0,{},0.2661,1.0,0.7625,0.5856
frame_000205.jpg,0,0.0,0.0,0.0,0.0,0.0,0.0,0.0,0.0,0.0,{},0.3202,1.0,0.7516,0.6104
frame_000206.jpg,0,0.0,0.0,0.0,0.0,0.0,0.0,0.0,0.0,0.0,{},0.3273,1.0,0.7801,0.6197
frame_000207.jpg,0,0.0,0.0,0.0,0.0,0.0,0.0,0.0,0.0,0.0,{},0.3772,1.0,0.7994,0.6485
frame_000208.jpg,0,0.0,0.0,0.0,0.0,0.0,0.0,0.0,0.0,0.0,{},0.2924,1.0,0.8198,0.6102
frame_000209.jpg,0,0.0,0.0,0.0,0.0,0.0,0.0,0.0,0.0,0.0,{},0.1243,1.0,0.8276,0.5277
frame_000210.jpg,0,0.0,0.0,0.0,0.0,0.0,0.0,0.0,0.0,0.0,{},0.4064,1.0,0.8453,0.6723
frame_000211.jpg,0,0.0,0.0,0.0,0.0,0.0,0.0,0.0,0.0,0.0,{},0.6694,1.0,0.9134,0.8174
frame_000212.jpg,0,0.0,0.0,0.0,0.0,0.0,0.0,0.0,0.0,0.0,{},0.3324,1.0,0.9515,0.6565
frame_000213.jpg,0,0.0,0.0,0.0,0.0,0.0,0.0,0.0,0.0,0.0,{},0.1831,1.0,0.9078,0.5731
frame_000214.jpg,0,0.0,0.0,0.0,0.0,0.0,0.0,0.0,0.0,0.0,{},0.2667,1.0,0.8792,0.6092
frame_000215.jpg,0,0.0,0.0,0.0,0.0,0.0,0.0,0.0,0.0,0.0,{},0.0953,1.0,0.8653,0.5207
frame_000216.jpg,0,0.0,0.0,0.0,0.0,0.0,0.0,0.0,0.0,0.0,{},0.0692,1.0,0.8284,0.5003
frame_000217.jpg,0,0.0,0.0,0.0,0.0,0.0,0.0,0.0,0.0,0.0,{},0.2934,1.0,0.8362,0.6139
frame_000218.jpg,0,0.0,0.0,0.0,0.0,0.0,0.0,0.0,0.0,0.0,{},0.3424,1.0,0.8783,0.6469
frame_000219.jpg,0,0.0,0.0,0.0,0.0,0.0,0.0,0.0,0.0,0.0,{},0.3079,1.0,0.8497,0.6239
frame_000220.jpg,0,0.0,0.0,0.0,0.0,0.0,0.0,0.0,0.0,0.0,{},0.5285,1.0,0.819,0.7281
frame_000221.jpg,0,0.0,0.0,0.0,0.0,0.0,0.0,0.0,0.0,0.0,{},0.5345,1.0,0.8636,0.74
frame_000222.jpg,0,0.0,0.0,0.0,0.0,0.0,0.0,0.0,0.0,0.0,{},0.3743,1.0,0.895,0.6661
frame_000223.jpg,0,0.0,0.0,0.0,0.0,0.0,0.0,0.0,0.0,0.0,{},0.4119,1.0,0.8695,0.6798
frame_000224.jpg,0,0.0,0.0,0.0,0.0,0.0,0.0,0.0,0.0,0.0,{},0.3316,1.0,0.8728,0.6404
frame_000225.jpg,0,0.0,0.0,0.0,0.0,0.0,0.0,0.0,0.0,0.0,{},0.2284,1.0,0.8864,0.5915
frame_000226.jpg,0,0.0,0.0,0.0,0.0,0.0,0.0,0.0,0.0,0.0,{},0.1846,1.0,0.8718,0.5667
frame_000227.jpg,0,0.0,0.0,0.0,0.0,0.0,0.0,0.0,0.0,0.0,{},0.402,1.0,0.8751,0.676
frame_000228.jpg,0,0.0,0.0,0.0,0.0,0.0,0.0,0.0,0.0,0.0,{},0.3459,1.0,0.9241,0.6578
frame_000229.jpg,0,0.0,0.0,0.0,0.0,0.0,0.0,0.0,0.0,0.0,{},0.1884,1.0,0.9249,0.5792
frame_000230.jpg,0,0.0,0.0,0.0,0.0,0.0,0.0,0.0,0.0,0.0,{},0.296,1.0,0.9139,0.6308
frame_000231.jpg,0,0.0,0.0,0.0,0.0,0.0,0.0,0.0,0.0,0.0,{},0.4837,1.0,0.9487,0.7316
frame_000232.jpg,0,0.0,0.0,0.0,0.0,0.0,0.0,0.0,0.0,0.0,{},0.3627,1.0,0.9163,0.6646
frame_000233.jpg,0,0.0,0.0,0.0,0.0,0.0,0.0,0.0,0.0,0.0,{},0.3165,1.0,0.8981,0.6379
frame_000234.jpg,0,0.0,0.0,0.0,0.0,0.0,0.0,0.0,0.0,0.0,{},0.2573,1.0,0.8968,0.608
frame_000235.jpg,0,0.0,0.0,0.0,0.0,0.0,0.0,0.0,0.0,0.0,{},0.1712,1.0,0.8997,0.5655
frame_000236.jpg,0,0.0,0.0,0.0,0.0,0.0,0.0,0.0,0.0,0.0,{},0.152,1.0,0.9438,0.5647
frame_000237.jpg,0,0.0,0.0,0.0,0.0,0.0,0.0,0.0,0.0,0.0,{},0.3961,1.0,1.0,0.6981
frame_000238.jpg,0,0.0,0.0,0.0,0.0,0.0,0.0,0.0,0.0,0.0,{},0.7443,1.0,1.0,0.8722
frame_000239.jpg,0,0.0,0.0,0.0,0.0,0.0,0.0,0.0,0.0,0.0,{},0.59,1.0,1.0,0.795
frame_000240.jpg,0,0.0,0.0,0.0,0.0,0.0,0.0,0.0,0.0,0.0,{},0.4667,1.0,1.0,0.7334
frame_000241.jpg,0,0.0,0.0,0.0,0.0,0.0,0.0,0.0,0.0,0.0,{},0.2905,1.0,1.0,0.6452
frame_000242.jpg,0,0.0,0.0,0.0,0.0,0.0,0.0,0.0,0.0,0.0,{},0.3239,1.0,1.0,0.6619
frame_000243.jpg,0,0.0,0.0,0.0,0.0,0.0,0.0,0.0,0.0,0.0,{},0.3971,1.0,1.0,0.6985
frame_000244.jpg,0,0.0,0.0,0.0,0.0,0.0,0.0,0.0,0.0,0.0,{},0.3921,1.0,1.0,0.6961
frame_000245.jpg,0,0.0,0.0,0.0,0.0,0.0,0.0,0.0,0.0,0.0,{},0.3495,1.0,1.0,0.6747
frame_000246.jpg,0,0.0,0.0,0.0,0.0,0.0,0.0,0.0,0.0,0.0,{},0.25,1.0,1.0,0.625
frame_000247.jpg,0,0.0,0.0,0.0,0.0,0.0,0.0,0.0,0.0,0.0,{},0.2209,1.0,1.0,0.6104
frame_000248.jpg,0,0.0,0.0,0.0,0.0,0.0,0.0,0.0,0.0,0.0,{},0.2362,1.0,0.9909,0.6163
frame_000249.jpg,0,0.0,0.0,0.0,0.0,0.0,0.0,0.0,0.0,0.0,{},0.2078,1.0,0.972,0.5983
frame_000250.jpg,0,0.0,0.0,0.0,0.0,0.0,0.0,0.0,0.0,0.0,{},0.4799,1.0,0.9488,0.7297
frame_000251.jpg,0,0.0,0.0,0.0,0.0,0.0,0.0,0.0,0.0,0.0,{},0.5584,1.0,0.9611,0.7714
frame_000252.jpg,0,0.0,0.0,0.0,0.0,0.0,0.0,0.0,0.0,0.0,{},0.4867,1.0,0.9241,0.7282
frame_000253.jpg,0,0.0,0.0,0.0,0.0,0.0,0.0,0.0,0.0,0.0,{},0.4153,1.0,0.886,0.6848
frame_000254.jpg,1,0.060765,0.060765,0.060765,502.82,502.82,0.005039,0.275146,0.0,0.277248,"{""pothole"": 1}",0.2225,1.0,0.8395,0.5792
frame_000255.jpg,1,0.053708,0.053708,0.053708,472.82,472.82,0.005039,0.303955,0.0,0.259166,"{""pothole"": 1}",0.1552,1.0,0.7862,0.5349
frame_000256.jpg,0,0.0,0.0,0.0,0.0,0.0,0.0,0.0,0.0,0.0,{},0.1172,1.0,0.7817,0.5149
frame_000257.jpg,1,0.039488,0.039488,0.039488,395.98,395.98,0.005039,0.329346,0.0,0.214585,"{""pothole"": 1}",0.1151,1.0,0.7891,0.5154
frame_000258.jpg,1,0.043537,0.043537,0.043537,415.87,415.87,0.005039,0.258301,0.0,0.226287,"{""pothole"": 1}",0.4235,1.0,0.8116,0.6741
frame_000259.jpg,1,0.053952,0.053952,0.053952,29957.0,29957.0,0.005039,0.263672,0.0,0.374329,"{""longitudinal_crack"": 1}",0.6235,1.0,0.8073,0.7732
frame_000260.jpg,0,0.0,0.0,0.0,0.0,0.0,0.0,0.0,0.0,0.0,{},0.4909,1.0,0.7465,0.6947
frame_000261.jpg,0,0.0,0.0,0.0,0.0,0.0,0.0,0.0,0.0,0.0,{},0.3661,1.0,0.6985,0.6227
frame_000262.jpg,0,0.0,0.0,0.0,0.0,0.0,0.0,0.0,0.0,0.0,{},0.3553,1.0,0.6706,0.6118
frame_000263.jpg,0,0.0,0.0,0.0,0.0,0.0,0.0,0.0,0.0,0.0,{},0.2791,1.0,0.652,0.57
frame_000264.jpg,0,0.0,0.0,0.0,0.0,0.0,0.0,0.0,0.0,0.0,{},0.1312,1.0,0.5898,0.4836
frame_000265.jpg,0,0.0,0.0,0.0,0.0,0.0,0.0,0.0,0.0,0.0,{},0.192,1.0,0.555,0.507
frame_000266.jpg,0,0.0,0.0,0.0,0.0,0.0,0.0,0.0,0.0,0.0,{},0.2805,1.0,0.5867,0.5576
frame_000267.jpg,0,0.0,0.0,0.0,0.0,0.0,0.0,0.0,0.0,0.0,{},0.2509,1.0,0.603,0.546
frame_000268.jpg,0,0.0,0.0,0.0,0.0,0.0,0.0,0.0,0.0,0.0,{},0.3709,1.0,0.6,0.6055
frame_000269.jpg,0,0.0,0.0,0.0,0.0,0.0,0.0,0.0,0.0,0.0,{},0.5071,1.0,0.6086,0.6753
frame_000270.jpg,1,0.010224,0.010224,0.010224,205.8,205.8,0.005039,0.253906,0.0,0.106914,"{""pothole"": 1}",0.3939,1.0,0.5831,0.6136
frame_000271.jpg,1,0.009994,0.009994,0.009994,200.89,200.89,0.005039,0.29248,0.0,0.104371,"{""pothole"": 1}",0.2963,1.0,0.5395,0.556
frame_000272.jpg,0,0.0,0.0,0.0,0.0,0.0,0.0,0.0,0.0,0.0,{},0.198,1.0,0.4918,0.4974
frame_000273.jpg,0,0.0,0.0,0.0,0.0,0.0,0.0,0.0,0.0,0.0,{},0.1474,1.0,0.4664,0.467
frame_000274.jpg,0,0.0,0.0,0.0,0.0,0.0,0.0,0.0,0.0,0.0,{},0.1252,1.0,0.4607,0.4547
frame_000275.jpg,0,0.0,0.0,0.0,0.0,0.0,0.0,0.0,0.0,0.0,{},0.2052,1.0,0.4709,0.4967
frame_000276.jpg,0,0.0,0.0,0.0,0.0,0.0,0.0,0.0,0.0,0.0,{},0.2078,1.0,0.4731,0.4985
frame_000277.jpg,0,0.0,0.0,0.0,0.0,0.0,0.0,0.0,0.0,0.0,{},0.1473,1.0,0.5178,0.4772
frame_000278.jpg,0,0.0,0.0,0.0,0.0,0.0,0.0,0.0,0.0,0.0,{},0.1936,1.0,0.5164,0.5001
frame_000279.jpg,0,0.0,0.0,0.0,0.0,0.0,0.0,0.0,0.0,0.0,{},0.5916,1.0,0.5523,0.7063
frame_000280.jpg,0,0.0,0.0,0.0,0.0,0.0,0.0,0.0,0.0,0.0,{},0.6274,1.0,0.5854,0.7308
frame_000281.jpg,0,0.0,0.0,0.0,0.0,0.0,0.0,0.0,0.0,0.0,{},0.357,1.0,0.5251,0.5835
frame_000282.jpg,0,0.0,0.0,0.0,0.0,0.0,0.0,0.0,0.0,0.0,{},0.0786,1.0,0.4862,0.4365
frame_000283.jpg,0,0.0,0.0,0.0,0.0,0.0,0.0,0.0,0.0,0.0,{},0.0945,1.0,0.4459,0.4364
frame_000284.jpg,0,0.0,0.0,0.0,0.0,0.0,0.0,0.0,0.0,0.0,{},0.2095,1.0,0.4222,0.4892
frame_000285.jpg,0,0.0,0.0,0.0,0.0,0.0,0.0,0.0,0.0,0.0,{},0.2827,1.0,0.4415,0.5296
frame_000286.jpg,0,0.0,0.0,0.0,0.0,0.0,0.0,0.0,0.0,0.0,{},0.2546,1.0,0.5509,0.5375
frame_000287.jpg,0,0.0,0.0,0.0,0.0,0.0,0.0,0.0,0.0,0.0,{},0.3195,1.0,0.5369,0.5671
frame_000288.jpg,0,0.0,0.0,0.0,0.0,0.0,0.0,0.0,0.0,0.0,{},0.3431,1.0,0.4967,0.5709
frame_000289.jpg,0,0.0,0.0,0.0,0.0,0.0,0.0,0.0,0.0,0.0,{},0.3008,1.0,0.4838,0.5472
frame_000290.jpg,0,0.0,0.0,0.0,0.0,0.0,0.0,0.0,0.0,0.0,{},0.1534,1.0,0.4696,0.4706
frame_000291.jpg,0,0.0,0.0,0.0,0.0,0.0,0.0,0.0,0.0,0.0,{},0.1421,1.0,0.4898,0.469
frame_000292.jpg,0,0.0,0.0,0.0,0.0,0.0,0.0,0.0,0.0,0.0,{},0.2018,1.0,0.5196,0.5048
frame_000293.jpg,0,0.0,0.0,0.0,0.0,0.0,0.0,0.0,0.0,0.0,{},0.2902,1.0,0.5842,0.5619
frame_000294.jpg,0,0.0,0.0,0.0,0.0,0.0,0.0,0.0,0.0,0.0,{},0.2829,1.0,0.5883,0.5591
frame_000295.jpg,1,0.292881,0.292881,0.292881,22718.0,22718.0,0.005039,0.281494,0.0,0.481847,"{""alligator_crack"": 1}",0.1619,1.0,0.6123,0.5034
frame_000296.jpg,0,0.0,0.0,0.0,0.0,0.0,0.0,0.0,0.0,0.0,{},0.1855,1.0,0.6219,0.5171
frame_000297.jpg,0,0.0,0.0,0.0,0.0,0.0,0.0,0.0,0.0,0.0,{},0.1251,1.0,0.6406,0.4907
frame_000298.jpg,0,0.0,0.0,0.0,0.0,0.0,0.0,0.0,0.0,0.0,{},0.1065,1.0,0.5867,0.4706
frame_000299.jpg,0,0.0,0.0,0.0,0.0,0.0,0.0,0.0,0.0,0.0,{},0.1696,1.0,0.5579,0.4964
frame_000300.jpg,0,0.0,0.0,0.0,0.0,0.0,0.0,0.0,0.0,0.0,{},0.2764,1.0,0.566,0.5514
frame_000301.jpg,0,0.0,0.0,0.0,0.0,0.0,0.0,0.0,0.0,0.0,{},0.3437,1.0,0.5669,0.5852
frame_000302.jpg,0,0.0,0.0,0.0,0.0,0.0,0.0,0.0,0.0,0.0,{},0.3333,1.0,0.5789,0.5824
frame_000303.jpg,0,0.0,0.0,0.0,0.0,0.0,0.0,0.0,0.0,0.0,{},0.1875,1.0,0.6119,0.5161
frame_000304.jpg,0,0.0,0.0,0.0,0.0,0.0,0.0,0.0,0.0,0.0,{},0.1403,1.0,0.6019,0.4906
frame_000305.jpg,0,0.0,0.0,0.0,0.0,0.0,0.0,0.0,0.0,0.0,{},0.2316,1.0,0.6049,0.5368
frame_000306.jpg,0,0.0,0.0,0.0,0.0,0.0,0.0,0.0,0.0,0.0,{},0.2142,1.0,0.716,0.5503
frame_000307.jpg,0,0.0,0.0,0.0,0.0,0.0,0.0,0.0,0.0,0.0,{},0.3978,1.0,0.8189,0.6627
frame_000308.jpg,0,0.0,0.0,0.0,0.0,0.0,0.0,0.0,0.0,0.0,{},0.4805,1.0,0.8641,0.713
frame_000309.jpg,0,0.0,0.0,0.0,0.0,0.0,0.0,0.0,0.0,0.0,{},0.3265,1.0,0.8537,0.634
frame_000310.jpg,0,0.0,0.0,0.0,0.0,0.0,0.0,0.0,0.0,0.0,{},0.1182,1.0,0.8328,0.5257
frame_000311.jpg,0,0.0,0.0,0.0,0.0,0.0,0.0,0.0,0.0,0.0,{},0.1022,1.0,0.8031,0.5117
frame_000312.jpg,1,0.042165,0.042165,0.042165,2692.0,2692.0,0.005039,0.271973,0.0,0.369025,"{""alligator_crack"": 1}",0.273,1.0,0.7751,0.5915
frame_000313.jpg,0,0.0,0.0,0.0,0.0,0.0,0.0,0.0,0.0,0.0,{},0.4735,1.0,0.8724,0.7112
frame_000314.jpg,0,0.0,0.0,0.0,0.0,0.0,0.0,0.0,0.0,0.0,{},0.0662,1.0,0.9155,0.5162
frame_000315.jpg,1,0.062,0.062,0.062,138.0,138.0,0.005039,0.368408,0.0,0.096523,"{""alligator_crack"": 1}",0.0698,1.0,0.901,0.5151
frame_000316.jpg,1,0.087892,0.087892,0.087892,6064.0,6064.0,0.005039,0.295898,0.0,0.389602,"{""alligator_crack"": 1}",0.3515,1.0,0.8413,0.644
frame_000317.jpg,1,0.075557,0.075557,0.075557,6802.0,6802.0,0.005039,0.26123,0.0,0.384051,"{""alligator_crack"": 1}",0.6803,1.0,0.8732,0.8148
frame_000318.jpg,0,0.0,0.0,0.0,0.0,0.0,0.0,0.0,0.0,0.0,{},0.183,1.0,0.7885,0.5492
frame_000319.jpg,1,0.113207,0.113207,0.113207,6285.0,6285.0,0.005039,0.428223,0.0,0.400994,"{""alligator_crack"": 1}",0.1084,1.0,0.6541,0.485
frame_000320.jpg,1,0.113576,0.113576,0.113576,5110.0,5110.0,0.005039,0.541016,0.0,0.40116,"{""alligator_crack"": 1}",0.0786,1.0,0.6201,0.4633
frame_000321.jpg,1,0.13026,0.13026,0.13026,6426.0,6426.0,0.005039,0.290283,0.0,0.408668,"{""alligator_crack"": 1}",0.0837,1.0,0.6375,0.4694
frame_000322.jpg,1,0.130588,0.130588,0.130588,14250.0,14250.0,0.005039,0.397949,0.0,0.408815,"{""alligator_crack"": 1}",0.1563,1.0,0.6339,0.5049
frame_000323.jpg,0,0.0,0.0,0.0,0.0,0.0,0.0,0.0,0.0,0.0,{},0.3141,1.0,0.6255,0.5821
frame_000324.jpg,0,0.0,0.0,0.0,0.0,0.0,0.0,0.0,0.0,0.0,{},0.3237,1.0,0.6518,0.5922
frame_000325.jpg,0,0.0,0.0,0.0,0.0,0.0,0.0,0.0,0.0,0.0,{},0.2193,1.0,0.7905,0.5678
frame_000326.jpg,0,0.0,0.0,0.0,0.0,0.0,0.0,0.0,0.0,0.0,{},0.1002,1.0,0.9332,0.5367
frame_000327.jpg,0,0.0,0.0,0.0,0.0,0.0,0.0,0.0,0.0,0.0,{},0.1738,1.0,0.9218,0.5713
frame_000328.jpg,0,0.0,0.0,0.0,0.0,0.0,0.0,0.0,0.0,0.0,{},0.6506,1.0,0.9464,0.8146
frame_000329.jpg,0,0.0,0.0,0.0,0.0,0.0,0.0,0.0,0.0,0.0,{},0.4254,1.0,0.9885,0.7104
frame_000330.jpg,1,0.275968,0.275968,0.275968,14590.0,14590.0,0.005039,0.303711,0.0,0.474236,"{""alligator_crack"": 1}",0.2688,1.0,0.9184,0.6181
frame_000331.jpg,1,0.209626,0.209626,0.209626,24422.0,24422.0,0.005039,0.378418,0.0,0.444382,"{""alligator_crack"": 1}",0.5092,1.0,0.8819,0.731
frame_000332.jpg,3,0.641466,0.213822,0.264939,44032.0,14677.33,0.015117,0.271728,0.011747,0.638811,"{""alligator_crack"": 3}",0.2052,1.0,0.8455,0.5717
frame_000333.jpg,2,0.352572,0.176286,0.207825,8061.0,4030.5,0.010078,0.33667,0.018896,0.508758,"{""alligator_crack"": 2}",0.0998,1.0,0.8552,0.5209
frame_000334.jpg,1,0.215499,0.215499,0.215499,5990.0,5990.0,0.005039,0.280518,0.0,0.447025,"{""alligator_crack"": 1}",0.1313,1.0,0.8909,0.5438
frame_000335.jpg,1,0.19001,0.19001,0.19001,20473.0,20473.0,0.005039,0.422607,0.0,0.435555,"{""alligator_crack"": 1}",0.3273,1.0,0.8727,0.6382
frame_000336.jpg,1,0.270638,0.270638,0.270638,38536.0,38536.0,0.005039,0.491211,0.0,0.471838,"{""alligator_crack"": 1}",0.392,1.0,0.8588,0.6678
frame_000337.jpg,1,0.263864,0.263864,0.263864,31669.0,31669.0,0.005039,0.328613,0.0,0.468789,"{""alligator_crack"": 1}",0.3048,1.0,0.8467,0.6218
frame_000338.jpg,0,0.0,0.0,0.0,0.0,0.0,0.0,0.0,0.0,0.0,{},0.2675,1.0,0.8343,0.6006
frame_000339.jpg,0,0.0,0.0,0.0,0.0,0.0,0.0,0.0,0.0,0.0,{},0.2156,1.0,0.8346,0.5747
frame_000340.jpg,0,0.0,0.0,0.0,0.0,0.0,0.0,0.0,0.0,0.0,{},0.2007,1.0,0.8257,0.5655
frame_000341.jpg,1,0.06984,0.06984,0.06984,2216.0,2216.0,0.005039,0.262451,0.0,0.381478,"{""alligator_crack"": 1}",0.2826,1.0,0.8184,0.605
frame_000342.jpg,0,0.0,0.0,0.0,0.0,0.0,0.0,0.0,0.0,0.0,{},0.5035,1.0,0.8168,0.7151
frame_000343.jpg,1,0.081485,0.081485,0.081485,4491.0,4491.0,0.005039,0.366699,0.0,0.386719,"{""alligator_crack"": 1}",0.3661,1.0,0.8432,0.6517
frame_000344.jpg,1,0.088291,0.088291,0.088291,4311.0,4311.0,0.005039,0.35498,0.0,0.389781,"{""alligator_crack"": 1}",0.2678,1.0,0.8745,0.6088
frame_000345.jpg,1,0.096378,0.096378,0.096378,2203.0,2203.0,0.005039,0.427246,0.0,0.393421,"{""alligator_crack"": 1}",0.1639,1.0,0.9403,0.57
frame_000346.jpg,1,0.111828,0.111828,0.111828,2459.0,2459.0,0.005039,0.352295,0.0,0.400373,"{""alligator_crack"": 1}",0.1418,1.0,0.9597,0.5628
frame_000347.jpg,1,0.118692,0.118692,0.118692,4443.0,4443.0,0.005039,0.291748,0.0,0.403462,"{""alligator_crack"": 1}",0.1918,1.0,0.9459,0.5851
frame_000348.jpg,0,0.0,0.0,0.0,0.0,0.0,0.0,0.0,0.0,0.0,{},0.3707,1.0,0.907,0.6667
frame_000349.jpg,0,0.0,0.0,0.0,0.0,0.0,0.0,0.0,0.0,0.0,{},0.3548,1.0,0.8809,0.6536
frame_000350.jpg,0,0.0,0.0,0.0,0.0,0.0,0.0,0.0,0.0,0.0,{},0.3078,1.0,0.8822,0.6303
frame_000351.jpg,0,0.0,0.0,0.0,0.0,0.0,0.0,0.0,0.0,0.0,{},0.4693,1.0,0.8759,0.7098
frame_000352.jpg,0,0.0,0.0,0.0,0.0,0.0,0.0,0.0,0.0,0.0,{},0.4038,1.0,0.9169,0.6853
frame_000353.jpg,0,0.0,0.0,0.0,0.0,0.0,0.0,0.0,0.0,0.0,{},0.1927,1.0,0.9606,0.5884
frame_000354.jpg,0,0.0,0.0,0.0,0.0,0.0,0.0,0.0,0.0,0.0,{},0.1612,1.0,0.9949,0.5796
frame_000355.jpg,1,0.210406,0.210406,0.210406,24689.0,24689.0,0.005039,0.296143,0.0,0.444733,"{""alligator_crack"": 1}",0.2916,1.0,0.9771,0.6412
frame_000356.jpg,1,0.2224,0.2224,0.2224,20641.0,20641.0,0.005039,0.258301,0.0,0.450131,"{""alligator_crack"": 1}",0.2572,1.0,0.9837,0.6253
frame_000357.jpg,1,0.227209,0.227209,0.227209,13327.0,13327.0,0.005039,0.361084,0.0,0.452294,"{""alligator_crack"": 1}",0.2051,1.0,0.9699,0.5965
frame_000358.jpg,0,0.0,0.0,0.0,0.0,0.0,0.0,0.0,0.0,0.0,{},0.1807,1.0,0.9633,0.583
frame_000359.jpg,1,0.287951,0.287951,0.287951,12593.0,12593.0,0.005039,0.407227,0.0,0.479628,"{""alligator_crack"": 1}",0.1677,1.0,0.9487,0.5736
frame_000360.jpg,1,0.248655,0.248655,0.248655,13450.0,13450.0,0.005039,0.470703,0.0,0.461945,"{""alligator_crack"": 1}",0.1784,1.0,0.9565,0.5805
frame_000361.jpg,2,0.603847,0.301924,0.357549,35899.0,17949.5,0.010078,0.354371,0.074158,0.621832,"{""alligator_crack"": 2}",0.1766,1.0,0.9273,0.5738
frame_000362.jpg,1,0.337186,0.337186,0.337186,21985.0,21985.0,0.005039,0.357666,0.0,0.501784,"{""alligator_crack"": 1}",0.1918,1.0,0.8779,0.5715
frame_000363.jpg,1,0.242655,0.242655,0.242655,21501.0,21501.0,0.005039,0.38501,0.0,0.459245,"{""alligator_crack"": 1}",0.2608,1.0,0.8567,0.6017
frame_000364.jpg,1,0.25127,0.25127,0.25127,21821.0,21821.0,0.005039,0.461914,0.0,0.463122,"{""alligator_crack"": 1}",0.2398,1.0,0.8191,0.5837
frame_000365.jpg,1,0.260968,0.260968,0.260968,28766.0,28766.0,0.005039,0.480469,0.0,0.467486,"{""alligator_crack"": 1}",0.4349,1.0,0.8153,0.6805
frame_000366.jpg,2,0.404281,0.20214,0.283248,50397.0,25198.5,0.010078,0.372314,0.060645,0.532027,"{""alligator_crack"": 2}",0.331,1.0,0.8427,0.634
frame_000367.jpg,1,0.28595,0.28595,0.28595,28968.0,28968.0,0.005039,0.700195,0.0,0.478728,"{""alligator_crack"": 1}",0.2456,1.0,0.8452,0.5918
frame_000368.jpg,2,0.433866,0.216933,0.285978,60544.0,30272.0,0.010078,0.338379,0.0646,0.545341,"{""alligator_crack"": 2}",0.3542,1.0,0.8292,0.643
frame_000369.jpg,2,0.45138,0.22569,0.265006,63952.0,31976.0,0.010078,0.36499,0.098657,0.553222,"{""alligator_crack"": 2}",0.3228,1.0,0.8221,0.6258
frame_000370.jpg,2,0.502894,0.251447,0.296554,59019.0,29509.5,0.010078,0.585205,0.042407,0.576403,"{""alligator_crack"": 2}",0.2227,1.0,0.8301,0.5774
frame_000371.jpg,1,0.247978,0.247978,0.247978,27995.0,27995.0,0.005039,0.695801,0.0,0.461641,"{""alligator_crack"": 1}",0.1781,1.0,0.8781,0.5647
frame_000372.jpg,1,0.261484,0.261484,0.261484,26259.0,26259.0,0.005039,0.73584,0.0,0.467718,"{""alligator_crack"": 1}",0.1491,1.0,0.933,0.5611
frame_000373.jpg,1,0.243099,0.243099,0.243099,34313.0,34313.0,0.005039,0.762207,0.0,0.459445,"{""alligator_crack"": 1}",0.2,1.0,0.9258,0.5852
frame_000374.jpg,1,0.249162,0.249162,0.249162,37274.0,37274.0,0.005039,0.803223,0.0,0.462173,"{""alligator_crack"": 1}",0.2241,1.0,0.8604,0.5841
frame_000375.jpg,1,0.243021,0.243021,0.243021,39788.0,39788.0,0.005039,0.809082,0.0,0.45941,"{""alligator_crack"": 1}",0.2184,1.0,0.8415,0.5775
frame_000376.jpg,1,0.24681,0.24681,0.24681,46320.0,46320.0,0.005039,0.829102,0.0,0.461115,"{""alligator_crack"": 1}",0.4806,1.0,0.8578,0.7119
frame_000377.jpg,1,0.258184,0.258184,0.258184,50449.0,50449.0,0.005039,0.835938,0.0,0.466233,"{""alligator_crack"": 1}",0.6149,1.0,0.8935,0.7862
frame_000378.jpg,1,0.318309,0.318309,0.318309,41962.0,41962.0,0.005039,0.757812,0.0,0.49329,"{""alligator_crack"": 1}",0.201,1.0,0.9165,0.5838
frame_000379.jpg,1,0.235288,0.235288,0.235288,28337.0,28337.0,0.005039,0.741699,0.0,0.45593,"{""alligator_crack"": 1}",0.131,1.0,0.9099,0.5475
frame_000380.jpg,1,0.214788,0.214788,0.214788,21838.0,21838.0,0.005039,0.633301,0.0,0.446705,"{""alligator_crack"": 1}",0.1062,1.0,0.9384,0.5408
frame_000381.jpg,1,0.172882,0.172882,0.172882,18894.0,18894.0,0.005039,0.53125,0.0,0.427847,"{""alligator_crack"": 1}",0.185,1.0,0.9455,0.5816
frame_000382.jpg,0,0.0,0.0,0.0,0.0,0.0,0.0,0.0,0.0,0.0,{},0.5448,1.0,1.0,0.7724
frame_000383.jpg,0,0.0,0.0,0.0,0.0,0.0,0.0,0.0,0.0,0.0,{},0.6794,1.0,0.9933,0.8383
frame_000384.jpg,1,0.078272,0.078272,0.078272,12974.0,12974.0,0.005039,0.367432,0.0,0.385273,"{""longitudinal_crack"": 1}",0.413,1.0,0.9905,0.7046
frame_000385.jpg,0,0.0,0.0,0.0,0.0,0.0,0.0,0.0,0.0,0.0,{},0.2637,1.0,0.9778,0.6274
frame_000386.jpg,0,0.0,0.0,0.0,0.0,0.0,0.0,0.0,0.0,0.0,{},0.2398,1.0,0.9825,0.6164
frame_000387.jpg,0,0.0,0.0,0.0,0.0,0.0,0.0,0.0,0.0,0.0,{},0.256,1.0,0.9782,0.6237
frame_000388.jpg,0,0.0,0.0,0.0,0.0,0.0,0.0,0.0,0.0,0.0,{},0.4648,1.0,0.9585,0.7241
frame_000389.jpg,0,0.0,0.0,0.0,0.0,0.0,0.0,0.0,0.0,0.0,{},0.5788,1.0,0.9508,0.7796
frame_000390.jpg,0,0.0,0.0,0.0,0.0,0.0,0.0,0.0,0.0,0.0,{},0.3689,1.0,0.9366,0.6718
frame_000391.jpg,0,0.0,0.0,0.0,0.0,0.0,0.0,0.0,0.0,0.0,{},0.1943,1.0,0.8953,0.5762
frame_000392.jpg,0,0.0,0.0,0.0,0.0,0.0,0.0,0.0,0.0,0.0,{},0.1827,1.0,0.8636,0.564
frame_000393.jpg,0,0.0,0.0,0.0,0.0,0.0,0.0,0.0,0.0,0.0,{},0.1828,1.0,0.8632,0.5641
frame_000394.jpg,0,0.0,0.0,0.0,0.0,0.0,0.0,0.0,0.0,0.0,{},0.1873,1.0,0.8838,0.5704
frame_000395.jpg,0,0.0,0.0,0.0,0.0,0.0,0.0,0.0,0.0,0.0,{},0.2469,1.0,0.9092,0.6053
frame_000396.jpg,1,0.059351,0.059351,0.059351,7314.0,7314.0,0.005039,0.279053,0.0,0.376758,"{""alligator_crack"": 1}",0.3422,1.0,0.9401,0.6591
frame_000397.jpg,1,0.064755,0.064755,0.064755,5549.0,5549.0,0.005039,0.337158,0.0,0.37919,"{""alligator_crack"": 1}",0.1968,1.0,0.9623,0.5908
frame_000398.jpg,1,0.068528,0.068528,0.068528,5338.0,5338.0,0.005039,0.287842,0.0,0.380888,"{""alligator_crack"": 1}",0.1524,1.0,0.9376,0.5637
frame_000399.jpg,1,0.107683,0.107683,0.107683,13602.0,13602.0,0.005039,0.385742,0.0,0.398508,"{""alligator_crack"": 1}",0.2965,1.0,0.89,0.6263
frame_000400.jpg,2,0.19585,0.097925,0.114061,32034.0,16017.0,0.010078,0.362548,0.033618,0.438233,"{""alligator_crack"": 2}",0.296,1.0,0.8731,0.6226
frame_000401.jpg,1,0.128852,0.128852,0.128852,7754.0,7754.0,0.005039,0.373779,0.0,0.408034,"{""alligator_crack"": 1}",0.1242,1.0,0.8987,0.5418
frame_000402.jpg,1,0.171769,0.171769,0.171769,8783.0,8783.0,0.005039,0.597168,0.0,0.427347,"{""alligator_crack"": 1}",0.1083,1.0,0.9213,0.5384
frame_000403.jpg,1,0.145889,0.145889,0.145889,15209.0,15209.0,0.005039,0.616699,0.0,0.4157,"{""alligator_crack"": 1}",0.1927,1.0,0.9096,0.5783
frame_000404.jpg,1,0.112453,0.112453,0.112453,19287.0,19287.0,0.005039,0.543945,0.0,0.400654,"{""alligator_crack"": 1}",0.405,1.0,0.779,0.6583
frame_000405.jpg,1,0.126285,0.126285,0.126285,21153.0,21153.0,0.005039,0.309814,0.0,0.406879,"{""alligator_crack"": 1}",0.6707,1.0,0.7204,0.7794
frame_000406.jpg,0,0.0,0.0,0.0,0.0,0.0,0.0,0.0,0.0,0.0,{},0.3482,1.0,0.7185,0.6178
frame_000407.jpg,0,0.0,0.0,0.0,0.0,0.0,0.0,0.0,0.0,0.0,{},0.1867,1.0,0.7004,0.5334
frame_000408.jpg,0,0.0,0.0,0.0,0.0,0.0,0.0,0.0,0.0,0.0,{},0.2477,1.0,0.6845,0.5607
frame_000409.jpg,0,0.0,0.0,0.0,0.0,0.0,0.0,0.0,0.0,0.0,{},0.2629,1.0,0.6899,0.5694
frame_000410.jpg,0,0.0,0.0,0.0,0.0,0.0,0.0,0.0,0.0,0.0,{},0.3167,1.0,0.6958,0.5975
frame_000411.jpg,0,0.0,0.0,0.0,0.0,0.0,0.0,0.0,0.0,0.0,{},0.258,1.0,0.7134,0.5717
frame_000412.jpg,0,0.0,0.0,0.0,0.0,0.0,0.0,0.0,0.0,0.0,{},0.2029,1.0,0.7056,0.5426
frame_000413.jpg,1,0.039954,0.039954,0.039954,824.0,824.0,0.005039,0.274414,0.0,0.36803,"{""alligator_crack"": 1}",0.3634,1.0,0.695,0.6207
frame_000414.jpg,1,0.0405,0.0405,0.0405,3967.0,3967.0,0.005039,0.381104,0.0,0.368275,"{""alligator_crack"": 1}",0.6396,1.0,0.7408,0.7679
frame_000415.jpg,1,0.042666,0.042666,0.042666,4681.0,4681.0,0.005039,0.449463,0.0,0.36925,"{""alligator_crack"": 1}",0.5275,1.0,0.8022,0.7242
frame_000416.jpg,1,0.039551,0.039551,0.039551,2573.0,2573.0,0.005039,0.291748,0.0,0.367848,"{""alligator_crack"": 1}",0.3623,1.0,0.8424,0.6496
frame_000417.jpg,1,0.046968,0.046968,0.046968,1897.0,1897.0,0.005039,0.53418,0.0,0.371186,"{""alligator_crack"": 1}",0.3133,1.0,0.8147,0.6196
frame_000418.jpg,1,0.048,0.048,0.048,3604.0,3604.0,0.005039,0.463867,0.0,0.37165,"{""alligator_crack"": 1}",0.4575,1.0,0.8197,0.6927
frame_000419.jpg,1,0.046726,0.046726,0.046726,8570.0,8570.0,0.005039,0.369385,0.0,0.371077,"{""alligator_crack"": 1}",0.7742,1.0,0.7884,0.8448
frame_000420.jpg,1,0.043641,0.043641,0.043641,7695.0,7695.0,0.005039,0.352295,0.0,0.369689,"{""alligator_crack"": 1}",0.4394,1.0,0.7281,0.6653
frame_000421.jpg,1,0.046821,0.046821,0.046821,44.0,44.0,0.005039,0.280518,0.0,0.042984,"{""alligator_crack"": 1}",0.0456,1.0,0.7281,0.4684
frame_000422.jpg,0,0.0,0.0,0.0,0.0,0.0,0.0,0.0,0.0,0.0,{},0.0363,1.0,0.7236,0.4628
frame_000423.jpg,1,0.048851,0.048851,0.048851,0.0,0.0,0.005039,0.432129,0.0,0.022033,"{""alligator_crack"": 1}",0.0908,1.0,0.6989,0.4852
frame_000424.jpg,0,0.0,0.0,0.0,0.0,0.0,0.0,0.0,0.0,0.0,{},0.3986,1.0,0.6245,0.6242
frame_000425.jpg,0,0.0,0.0,0.0,0.0,0.0,0.0,0.0,0.0,0.0,{},0.6071,1.0,0.5924,0.722
frame_000426.jpg,1,0.091292,0.091292,0.091292,17310.0,17310.0,0.005039,0.364746,0.0,0.391132,"{""longitudinal_crack"": 1}",0.4693,1.0,0.5633,0.6473
frame_000427.jpg,1,0.114367,0.114367,0.114367,18241.0,18241.0,0.005039,0.258301,0.0,0.401516,"{""longitudinal_crack"": 1}",0.4816,1.0,0.5424,0.6493
frame_000428.jpg,1,0.124905,0.124905,0.124905,20336.0,20336.0,0.005039,0.572754,0.0,0.406258,"{""longitudinal_crack"": 1}",0.3844,1.0,0.5579,0.6038
frame_000429.jpg,1,0.115275,0.115275,0.115275,1867.0,1867.0,0.005039,0.2854,0.0,0.401924,"{""longitudinal_crack"": 1}",0.1127,1.0,0.5846,0.4733
frame_000430.jpg,1,0.104932,0.104932,0.104932,4210.0,4210.0,0.005039,0.44458,0.0,0.39727,"{""longitudinal_crack"": 1}",0.1674,1.0,0.572,0.4981
frame_000431.jpg,1,0.134033,0.134033,0.134033,12938.0,12938.0,0.005039,0.470703,0.0,0.410365,"{""longitudinal_crack"": 1}",0.2998,1.0,0.5671,0.5633
frame_000432.jpg,1,0.09219,0.09219,0.09219,8706.0,8706.0,0.005039,0.479492,0.0,0.391536,"{""longitudinal_crack"": 1}",0.2876,1.0,0.596,0.563
frame_000433.jpg,1,0.089744,0.089744,0.089744,10447.0,10447.0,0.005039,0.353027,0.0,0.390435,"{""longitudinal_crack"": 1}",0.4122,1.0,0.5969,0.6255
frame_000434.jpg,2,0.23615,0.118075,0.140573,27793.0,13896.5,0.010078,0.325806,0.035522,0.456368,"{""longitudinal_crack"": 2}",0.5792,1.0,0.6314,0.7159
frame_000435.jpg,1,0.077972,0.077972,0.077972,6205.0,6205.0,0.005039,0.338135,0.0,0.385138,"{""longitudinal_crack"": 1}",0.2423,1.0,0.6396,0.549
frame_000436.jpg,0,0.0,0.0,0.0,0.0,0.0,0.0,0.0,0.0,0.0,{},0.1733,1.0,0.6335,0.5134
frame_000437.jpg,1,0.008935,0.008935,0.008935,661.0,661.0,0.005039,0.253174,0.0,0.332524,"{""longitudinal_crack"": 1}",0.2752,1.0,0.6622,0.5701
frame_000438.jpg,1,0.009339,0.009339,0.009339,706.0,706.0,0.005039,0.251709,0.0,0.354253,"{""longitudinal_crack"": 1}",0.2811,1.0,0.7518,0.5909
frame_000439.jpg,1,0.030677,0.030677,0.030677,825.0,825.0,0.005039,0.366699,0.0,0.363855,"{""alligator_crack"": 1}",0.2851,1.0,0.7723,0.597
frame_000440.jpg,0,0.0,0.0,0.0,0.0,0.0,0.0,0.0,0.0,0.0,{},0.3607,1.0,0.7891,0.6382
frame_000441.jpg,1,0.011758,0.011758,0.011758,2363.0,2363.0,0.005039,0.269775,0.0,0.355342,"{""longitudinal_crack"": 1}",0.5618,1.0,0.7992,0.7407
frame_000442.jpg,0,0.0,0.0,0.0,0.0,0.0,0.0,0.0,0.0,0.0,{},0.3337,1.0,0.7739,0.6216
frame_000443.jpg,0,0.0,0.0,0.0,0.0,0.0,0.0,0.0,0.0,0.0,{},0.0705,1.0,0.7639,0.4881
frame_000444.jpg,1,0.12309,0.12309,0.12309,1331.0,1331.0,0.005039,0.279053,0.0,0.405441,"{""alligator_crack"": 1}",0.0688,1.0,0.7383,0.4821
frame_000445.jpg,1,0.012912,0.012912,0.012912,271.0,271.0,0.005039,0.361084,0.0,0.140522,"{""alligator_crack"": 1}",0.121,1.0,0.6652,0.4935
frame_000446.jpg,1,0.139099,0.139099,0.139099,13557.0,13557.0,0.005039,0.297363,0.0,0.412645,"{""alligator_crack"": 1}",0.2217,1.0,0.5877,0.5284
frame_000447.jpg,1,0.187304,0.187304,0.187304,24615.0,24615.0,0.005039,0.378418,0.0,0.434337,"{""alligator_crack"": 1}",0.3817,1.0,0.5652,0.6039
frame_000448.jpg,2,0.2339,0.11695,0.219063,24860.0,12430.0,0.010078,0.361816,0.078003,0.455356,"{""alligator_crack"": 2}",0.244,1.0,0.5873,0.5394
frame_000449.jpg,3,0.420383,0.140128,0.238409,39678.0,13226.0,0.015117,0.321126,0.050612,0.539324,"{""alligator_crack"": 3}",0.1879,1.0,0.5926,0.5125
frame_000450.jpg,1,0.260139,0.260139,0.260139,28871.0,28871.0,0.005039,0.370117,0.0,0.467113,"{""alligator_crack"": 1}",0.2733,1.0,0.5985,0.5563
frame_000451.jpg,2,0.208408,0.104204,0.19063,18496.0,9248.0,0.010078,0.364746,0.070972,0.443884,"{""alligator_crack"": 2}",0.1895,1.0,0.6078,0.5163
frame_000452.jpg,1,0.018596,0.018596,0.018596,1060.0,1060.0,0.005039,0.424316,0.0,0.358418,"{""alligator_crack"": 1}",0.1399,1.0,0.6069,0.4913
frame_000453.jpg,1,0.023235,0.023235,0.023235,1598.0,1598.0,0.005039,0.473633,0.0,0.360506,"{""alligator_crack"": 1}",0.1837,1.0,0.6541,0.5227
frame_000454.jpg,1,0.020242,0.020242,0.020242,2996.0,2996.0,0.005039,0.350342,0.0,0.359159,"{""alligator_crack"": 1}",0.261,1.0,0.7443,0.5794
frame_000455.jpg,1,0.023659,0.023659,0.023659,3436.0,3436.0,0.005039,0.385742,0.0,0.360697,"{""alligator_crack"": 1}",0.2471,1.0,0.7877,0.5811
frame_000456.jpg,1,0.023562,0.023562,0.023562,3171.0,3171.0,0.005039,0.331055,0.0,0.360653,"{""alligator_crack"": 1}",0.2016,1.0,0.8148,0.5638
frame_000457.jpg,1,0.024709,0.024709,0.024709,5544.0,5544.0,0.005039,0.541992,0.0,0.36117,"{""alligator_crack"": 1}",0.4113,1.0,0.8129,0.6683
frame_000458.jpg,1,0.023762,0.023762,0.023762,7008.0,7008.0,0.005039,0.496094,0.0,0.360743,"{""alligator_crack"": 1}",0.7067,1.0,0.8768,0.8287
frame_000459.jpg,1,0.026617,0.026617,0.026617,1144.0,1144.0,0.005039,0.493164,0.0,0.362028,"{""alligator_crack"": 1}",0.1131,1.0,0.8826,0.5331
frame_000460.jpg,1,0.029847,0.029847,0.029847,2594.0,2594.0,0.005039,0.443604,0.0,0.363481,"{""alligator_crack"": 1}",0.1446,1.0,0.8867,0.5496
frame_000461.jpg,1,0.029814,0.029814,0.029814,8572.0,8572.0,0.005039,0.378418,0.0,0.363467,"{""alligator_crack"": 1}",0.5986,1.0,0.9609,0.7915
frame_000462.jpg,0,0.0,0.0,0.0,0.0,0.0,0.0,0.0,0.0,0.0,{},0.638,1.0,1.0,0.819
frame_000463.jpg,1,0.034764,0.034764,0.034764,6645.0,6645.0,0.005039,0.402588,0.0,0.365694,"{""alligator_crack"": 1}",0.1719,1.0,1.0,0.586
frame_000464.jpg,1,0.0421,0.0421,0.0421,4565.0,4565.0,0.005039,0.478516,0.0,0.368996,"{""alligator_crack"": 1}",0.1221,1.0,1.0,0.561
frame_000465.jpg,1,0.0421,0.0421,0.0421,4992.0,4992.0,0.005039,0.385742,0.0,0.368996,"{""alligator_crack"": 1}",0.1015,1.0,1.0,0.5508
frame_000466.jpg,1,0.050453,0.050453,0.050453,5174.0,5174.0,0.005039,0.361084,0.0,0.372754,"{""alligator_crack"": 1}",0.1043,1.0,1.0,0.5521
frame_000467.jpg,1,0.055104,0.055104,0.055104,5166.0,5166.0,0.005039,0.413086,0.0,0.374847,"{""alligator_crack"": 1}",0.1272,1.0,1.0,0.5636
frame_000468.jpg,1,0.077389,0.077389,0.077389,16947.0,16947.0,0.005039,0.539062,0.0,0.384875,"{""alligator_crack"": 1}",0.3928,1.0,1.0,0.6964
frame_000469.jpg,1,0.064103,0.064103,0.064103,12918.0,12918.0,0.005039,0.377441,0.0,0.378897,"{""alligator_crack"": 1}",0.287,1.0,0.9971,0.6429
frame_000470.jpg,1,0.078057,0.078057,0.078057,19426.0,19426.0,0.005039,0.666504,0.0,0.385176,"{""alligator_crack"": 1}",0.4881,1.0,0.9225,0.7285
frame_000471.jpg,2,0.081797,0.040899,0.079704,21457.3,10728.65,0.010078,0.470092,0.151953,0.38691,"{""alligator_crack"": 1, ""pothole"": 1}",0.4526,1.0,0.9389,0.7141
frame_000472.jpg,1,0.087085,0.087085,0.087085,9777.0,9777.0,0.005039,0.599121,0.0,0.389239,"{""alligator_crack"": 1}",0.1882,1.0,0.9535,0.5848
frame_000473.jpg,1,0.077116,0.077116,0.077116,9909.0,9909.0,0.005039,0.630859,0.0,0.384752,"{""alligator_crack"": 1}",0.1796,1.0,0.9272,0.5752
frame_000474.jpg,1,0.079605,0.079605,0.079605,10439.0,10439.0,0.005039,0.686035,0.0,0.385872,"{""alligator_crack"": 1}",0.1748,1.0,0.9001,0.5674
frame_000475.jpg,2,0.07969,0.039845,0.077151,15939.23,7969.61,0.010078,0.507568,0.14231,0.385961,"{""alligator_crack"": 1, ""pothole"": 1}",0.3428,1.0,0.8893,0.6492
frame_000476.jpg,2,0.090122,0.045061,0.086857,11363.64,5681.82,0.010078,0.40918,0.122876,0.390656,"{""alligator_crack"": 1, ""pothole"": 1}",0.2336,1.0,0.8516,0.5871
frame_000477.jpg,2,0.104791,0.052395,0.101373,11198.76,5599.38,0.010078,0.428955,0.097998,0.397257,"{""alligator_crack"": 1, ""pothole"": 1}",0.1983,1.0,0.8016,0.5595
frame_000478.jpg,2,0.110802,0.055401,0.107509,22065.98,11032.99,0.010078,0.447144,0.082129,0.399962,"{""alligator_crack"": 1, ""pothole"": 1}",0.4284,1.0,0.829,0.68
frame_000479.jpg,2,0.116752,0.058376,0.113752,25988.16,12994.08,0.010078,0.399658,0.089258,0.402639,"{""alligator_crack"": 1, ""pothole"": 1}",0.5253,1.0,0.853,0.7333
frame_000480.jpg,2,0.122432,0.061216,0.119102,24019.98,12009.99,0.010078,0.333863,0.053003,0.405195,"{""alligator_crack"": 1, ""pothole"": 1}",0.454,1.0,0.8792,0.7028
frame_000481.jpg,0,0.0,0.0,0.0,0.0,0.0,0.0,0.0,0.0,0.0,{},0.4557,1.0,0.9122,0.7103
frame_000482.jpg,0,0.0,0.0,0.0,0.0,0.0,0.0,0.0,0.0,0.0,{},0.5507,1.0,0.9342,0.7622
frame_000483.jpg,0,0.0,0.0,0.0,0.0,0.0,0.0,0.0,0.0,0.0,{},0.5731,1.0,0.9958,0.7857
frame_000484.jpg,0,0.0,0.0,0.0,0.0,0.0,0.0,0.0,0.0,0.0,{},0.6781,1.0,0.9711,0.8333
frame_000485.jpg,0,0.0,0.0,0.0,0.0,0.0,0.0,0.0,0.0,0.0,{},0.3466,1.0,1.0,0.6733
frame_000486.jpg,0,0.0,0.0,0.0,0.0,0.0,0.0,0.0,0.0,0.0,{},0.1032,1.0,0.9956,0.5507
frame_000487.jpg,0,0.0,0.0,0.0,0.0,0.0,0.0,0.0,0.0,0.0,{},0.2,1.0,0.861,0.5722
frame_000488.jpg,0,0.0,0.0,0.0,0.0,0.0,0.0,0.0,0.0,0.0,{},0.6667,1.0,0.824,0.7982
frame_000489.jpg,0,0.0,0.0,0.0,0.0,0.0,0.0,0.0,0.0,0.0,{},0.5968,1.0,0.7725,0.7529
frame_000490.jpg,1,0.29502,0.29502,0.29502,157186.0,157186.0,0.005039,0.252686,0.0,0.482809,"{""alligator_crack"": 1}",0.5364,1.0,0.7356,0.7153
frame_000491.jpg,1,0.273814,0.273814,0.273814,159998.0,159998.0,0.005039,0.363037,0.0,0.473267,"{""alligator_crack"": 1}",0.565,1.0,0.773,0.7371
frame_000492.jpg,0,0.0,0.0,0.0,0.0,0.0,0.0,0.0,0.0,0.0,{},0.6486,1.0,0.776,0.7795
frame_000493.jpg,0,0.0,0.0,0.0,0.0,0.0,0.0,0.0,0.0,0.0,{},0.5724,1.0,0.7981,0.7458
frame_000494.jpg,1,0.259896,0.259896,0.259896,145726.0,145726.0,0.005039,0.415771,0.0,0.467004,"{""alligator_crack"": 1}",0.4065,1.0,0.8023,0.6637
frame_000495.jpg,0,0.0,0.0,0.0,0.0,0.0,0.0,0.0,0.0,0.0,{},0.669,1.0,0.8285,0.8002
frame_000496.jpg,1,0.31499,0.31499,0.31499,225533.0,225533.0,0.005039,0.454346,0.0,0.491796,"{""alligator_crack"": 1}",0.7307,1.0,0.8677,0.8389
frame_000497.jpg,1,0.342797,0.342797,0.342797,175680.0,175680.0,0.005039,0.368408,0.0,0.504309,"{""alligator_crack"": 1}",0.4245,1.0,0.9473,0.7017
frame_000498.jpg,0,0.0,0.0,0.0,0.0,0.0,0.0,0.0,0.0,0.0,{},0.4551,1.0,1.0,0.7275
frame_000499.jpg,0,0.0,0.0,0.0,0.0,0.0,0.0,0.0,0.0,0.0,{},0.8303,1.0,1.0,0.9152
frame_000500.jpg,0,0.0,0.0,0.0,0.0,0.0,0.0,0.0,0.0,0.0,{},1.0,1.0,1.0,1.0
frame_000501.jpg,0,0.0,0.0,0.0,0.0,0.0,0.0,0.0,0.0,0.0,{},0.9256,1.0,1.0,0.9628
frame_000502.jpg,0,0.0,0.0,0.0,0.0,0.0,0.0,0.0,0.0,0.0,{},0.774,1.0,1.0,0.887
frame_000503.jpg,0,0.0,0.0,0.0,0.0,0.0,0.0,0.0,0.0,0.0,{},0.4427,1.0,1.0,0.7214
frame_000504.jpg,0,0.0,0.0,0.0,0.0,0.0,0.0,0.0,0.0,0.0,{},0.3482,1.0,1.0,0.6741
frame_000505.jpg,0,0.0,0.0,0.0,0.0,0.0,0.0,0.0,0.0,0.0,{},0.6314,1.0,1.0,0.8157
frame_000506.jpg,0,0.0,0.0,0.0,0.0,0.0,0.0,0.0,0.0,0.0,{},1.0,1.0,1.0,1.0
frame_000507.jpg,0,0.0,0.0,0.0,0.0,0.0,0.0,0.0,0.0,0.0,{},1.0,1.0,1.0,1.0
frame_000508.jpg,0,0.0,0.0,0.0,0.0,0.0,0.0,0.0,0.0,0.0,{},0.8944,1.0,0.9672,0.9406
frame_000509.jpg,0,0.0,0.0,0.0,0.0,0.0,0.0,0.0,0.0,0.0,{},0.4975,1.0,0.8396,0.7167
frame_000510.jpg,0,0.0,0.0,0.0,0.0,0.0,0.0,0.0,0.0,0.0,{},0.3933,1.0,0.917,0.68
frame_000511.jpg,0,0.0,0.0,0.0,0.0,0.0,0.0,0.0,0.0,0.0,{},0.69,1.0,1.0,0.845
frame_000512.jpg,0,0.0,0.0,0.0,0.0,0.0,0.0,0.0,0.0,0.0,{},0.6354,1.0,1.0,0.8177
frame_000513.jpg,0,0.0,0.0,0.0,0.0,0.0,0.0,0.0,0.0,0.0,{},0.921,1.0,1.0,0.9605
frame_000514.jpg,0,0.0,0.0,0.0,0.0,0.0,0.0,0.0,0.0,0.0,{},1.0,1.0,1.0,1.0
frame_000515.jpg,0,0.0,0.0,0.0,0.0,0.0,0.0,0.0,0.0,0.0,{},1.0,1.0,1.0,1.0
frame_000516.jpg,1,0.303092,0.303092,0.303092,147372.0,147372.0,0.005039,0.434082,0.0,0.486442,"{""alligator_crack"": 1}",0.3204,1.0,1.0,0.6602
frame_000517.jpg,1,0.309255,0.309255,0.309255,220623.0,220623.0,0.005039,0.421631,0.0,0.489215,"{""alligator_crack"": 1}",0.3986,1.0,1.0,0.6993
frame_000518.jpg,1,0.317027,0.317027,0.317027,317860.0,317860.0,0.005039,0.484375,0.0,0.492712,"{""alligator_crack"": 1}",0.7048,1.0,1.0,0.8524
frame_000519.jpg,1,0.345998,0.345998,0.345998,402455.0,402455.0,0.005039,0.520508,0.0,0.505749,"{""alligator_crack"": 1}",1.0,1.0,1.0,1.0
frame_000520.jpg,1,0.320361,0.320361,0.320361,350214.0,350214.0,0.005039,0.49707,0.0,0.494213,"{""alligator_crack"": 1}",1.0,1.0,1.0,1.0
frame_000521.jpg,1,0.309794,0.309794,0.309794,364453.0,364453.0,0.005039,0.529297,0.0,0.489458,"{""alligator_crack"": 1}",1.0,1.0,1.0,1.0
frame_000522.jpg,2,0.282946,0.141473,0.268426,160797.62,80398.81,0.010078,0.584717,0.038257,0.477426,"{""alligator_crack"": 1, ""pothole"": 1}",0.3593,1.0,1.0,0.6797
frame_000523.jpg,0,0.0,0.0,0.0,0.0,0.0,0.0,0.0,0.0,0.0,{},0.1041,1.0,1.0,0.552
frame_000524.jpg,1,0.260513,0.260513,0.260513,192300.0,192300.0,0.005039,0.265137,0.0,0.467281,"{""alligator_crack"": 1}",0.3441,1.0,1.0,0.672
frame_000525.jpg,0,0.0,0.0,0.0,0.0,0.0,0.0,0.0,0.0,0.0,{},1.0,1.0,1.0,1.0
frame_000526.jpg,0,0.0,0.0,0.0,0.0,0.0,0.0,0.0,0.0,0.0,{},1.0,1.0,1.0,1.0
frame_000527.jpg,1,0.29782,0.29782,0.29782,299898.0,299898.0,0.005039,0.399902,0.0,0.484069,"{""alligator_crack"": 1}",0.9133,1.0,1.0,0.9567
frame_000528.jpg,1,0.368837,0.368837,0.368837,358316.0,358316.0,0.005039,0.605957,0.0,0.516027,"{""alligator_crack"": 1}",1.0,1.0,1.0,1.0
frame_000529.jpg,1,0.349452,0.349452,0.349452,340691.0,340691.0,0.005039,0.508789,0.0,0.507304,"{""alligator_crack"": 1}",1.0,1.0,1.0,1.0
frame_000530.jpg,1,0.344294,0.344294,0.344294,264161.0,264161.0,0.005039,0.533203,0.0,0.504983,"{""alligator_crack"": 1}",0.7302,1.0,1.0,0.8651
frame_000531.jpg,1,0.33208,0.33208,0.33208,228273.0,228273.0,0.005039,0.413086,0.0,0.499486,"{""alligator_crack"": 1}",0.5712,1.0,1.0,0.7856
frame_000532.jpg,1,0.313629,0.313629,0.313629,214534.0,214534.0,0.005039,0.516602,0.0,0.491183,"{""alligator_crack"": 1}",0.5371,1.0,1.0,0.7685
frame_000533.jpg,1,0.308005,0.308005,0.308005,229073.0,229073.0,0.005039,0.457031,0.0,0.488653,"{""alligator_crack"": 1}",0.5738,1.0,1.0,0.7869
frame_000534.jpg,1,0.307682,0.307682,0.307682,211665.0,211665.0,0.005039,0.587891,0.0,0.488507,"{""alligator_crack"": 1}",0.4706,1.0,1.0,0.7353
frame_000535.jpg,1,0.329218,0.329218,0.329218,185548.0,185548.0,0.005039,0.59375,0.0,0.498198,"{""alligator_crack"": 1}",0.3696,1.0,1.0,0.6848
frame_000536.jpg,1,0.321034,0.321034,0.321034,177048.0,177048.0,0.005039,0.660156,0.0,0.494516,"{""alligator_crack"": 1}",0.3447,1.0,1.0,0.6723
frame_000537.jpg,1,0.30624,0.30624,0.30624,230327.0,230327.0,0.005039,0.562012,0.0,0.487858,"{""alligator_crack"": 1}",0.549,1.0,1.0,0.7745
frame_000538.jpg,1,0.30901,0.30901,0.30901,246996.0,246996.0,0.005039,0.485352,0.0,0.489105,"{""alligator_crack"": 1}",0.627,1.0,1.0,0.8135
frame_000539.jpg,1,0.288372,0.288372,0.288372,207926.0,207926.0,0.005039,0.432129,0.0,0.479818,"{""alligator_crack"": 1}",0.5195,1.0,1.0,0.7598
frame_000540.jpg,1,0.309643,0.309643,0.309643,207119.0,207119.0,0.005039,0.354004,0.0,0.48939,"{""alligator_crack"": 1}",0.5507,1.0,1.0,0.7753
frame_000541.jpg,1,0.271364,0.271364,0.271364,199514.0,199514.0,0.005039,0.277588,0.0,0.472164,"{""alligator_crack"": 1}",0.7266,1.0,1.0,0.8633
frame_000542.jpg,1,0.292484,0.292484,0.292484,178711.0,178711.0,0.005039,0.500977,0.0,0.481668,"{""alligator_crack"": 1}",0.65,1.0,1.0,0.825
frame_000543.jpg,0,0.0,0.0,0.0,0.0,0.0,0.0,0.0,0.0,0.0,{},0.4393,1.0,1.0,0.7196
frame_000544.jpg,1,0.312526,0.312526,0.312526,113749.0,113749.0,0.005039,0.328613,0.0,0.490687,"{""alligator_crack"": 1}",0.504,1.0,1.0,0.752
frame_000545.jpg,1,0.318436,0.318436,0.318436,72727.0,72727.0,0.005039,0.345215,0.0,0.493347,"{""alligator_crack"": 1}",0.3539,1.0,1.0,0.677
frame_000546.jpg,1,0.324969,0.324969,0.324969,45741.0,45741.0,0.005039,0.40918,0.0,0.496287,"{""alligator_crack"": 1}",0.2474,1.0,1.0,0.6237
frame_000547.jpg,1,0.315839,0.315839,0.315839,51542.0,51542.0,0.005039,0.275879,0.0,0.492178,"{""alligator_crack"": 1}",0.3139,1.0,1.0,0.6569
frame_000548.jpg,0,0.0,0.0,0.0,0.0,0.0,0.0,0.0,0.0,0.0,{},0.3155,1.0,1.0,0.6578
frame_000549.jpg,0,0.0,0.0,0.0,0.0,0.0,0.0,0.0,0.0,0.0,{},0.2741,1.0,1.0,0.6371
frame_000550.jpg,0,0.0,0.0,0.0,0.0,0.0,0.0,0.0,0.0,0.0,{},0.281,1.0,1.0,0.6405
frame_000551.jpg,0,0.0,0.0,0.0,0.0,0.0,0.0,0.0,0.0,0.0,{},0.3101,1.0,1.0,0.655
frame_000552.jpg,0,0.0,0.0,0.0,0.0,0.0,0.0,0.0,0.0,0.0,{},0.1933,1.0,1.0,0.5967
frame_000553.jpg,1,0.292633,0.292633,0.292633,9940.0,9940.0,0.005039,0.287842,0.0,0.481735,"{""alligator_crack"": 1}",0.1731,1.0,1.0,0.5865
frame_000554.jpg,1,0.299105,0.299105,0.299105,12388.0,12388.0,0.005039,0.450439,0.0,0.484648,"{""alligator_crack"": 1}",0.22,1.0,1.0,0.61
frame_000555.jpg,1,0.299198,0.299198,0.299198,15458.0,15458.0,0.005039,0.615234,0.0,0.48469,"{""alligator_crack"": 1}",0.2464,1.0,0.9453,0.6123
frame_000556.jpg,1,0.281983,0.281983,0.281983,16355.0,16355.0,0.005039,0.416748,0.0,0.476943,"{""alligator_crack"": 1}",0.2316,1.0,0.8981,0.5954
frame_000557.jpg,1,0.286419,0.286419,0.286419,15579.0,15579.0,0.005039,0.414062,0.0,0.478939,"{""alligator_crack"": 1}",0.1869,1.0,0.8876,0.571
frame_000558.jpg,1,0.286663,0.286663,0.286663,15163.0,15163.0,0.005039,0.459961,0.0,0.479049,"{""alligator_crack"": 1}",0.1759,1.0,0.8809,0.5641
frame_000559.jpg,0,0.0,0.0,0.0,0.0,0.0,0.0,0.0,0.0,0.0,{},0.1754,1.0,0.8635,0.5604
frame_000560.jpg,1,0.322608,0.322608,0.322608,16891.0,16891.0,0.005039,0.369385,0.0,0.495224,"{""alligator_crack"": 1}",0.1883,1.0,0.8382,0.5618
frame_000561.jpg,1,0.315427,0.315427,0.315427,33329.0,33329.0,0.005039,0.38208,0.0,0.491992,"{""alligator_crack"": 1}",0.4248,1.0,0.8134,0.6751
frame_000562.jpg,1,0.293285,0.293285,0.293285,37936.0,37936.0,0.005039,0.487305,0.0,0.482029,"{""alligator_crack"": 1}",0.5775,1.0,0.8155,0.7518
frame_000563.jpg,1,0.281877,0.281877,0.281877,41082.0,41082.0,0.005039,0.413086,0.0,0.476895,"{""alligator_crack"": 1}",0.5197,1.0,0.8016,0.7202
frame_000564.jpg,1,0.280802,0.280802,0.280802,32889.0,32889.0,0.005039,0.415771,0.0,0.476411,"{""alligator_crack"": 1}",0.3731,1.0,0.7644,0.6394
frame_000565.jpg,1,0.274847,0.274847,0.274847,27688.0,27688.0,0.005039,0.306885,0.0,0.473731,"{""alligator_crack"": 1}",0.3233,1.0,0.7548,0.6126
frame_000566.jpg,0,0.0,0.0,0.0,0.0,0.0,0.0,0.0,0.0,0.0,{},0.2392,1.0,0.7436,0.5683
frame_000567.jpg,0,0.0,0.0,0.0,0.0,0.0,0.0,0.0,0.0,0.0,{},0.209,1.0,0.7512,0.5547
frame_000568.jpg,0,0.0,0.0,0.0,0.0,0.0,0.0,0.0,0.0,0.0,{},0.2462,1.0,0.7719,0.5775
frame_000569.jpg,1,0.264641,0.264641,0.264641,25189.0,25189.0,0.005039,0.347656,0.0,0.469139,"{""alligator_crack"": 1}",0.354,1.0,0.7882,0.6346
frame_000570.jpg,0,0.0,0.0,0.0,0.0,0.0,0.0,0.0,0.0,0.0,{},0.4744,1.0,0.8078,0.6988
frame_000571.jpg,0,0.0,0.0,0.0,0.0,0.0,0.0,0.0,0.0,0.0,{},0.5221,1.0,0.8176,0.7246
frame_000572.jpg,0,0.0,0.0,0.0,0.0,0.0,0.0,0.0,0.0,0.0,{},0.5627,1.0,0.8121,0.7438
frame_000573.jpg,0,0.0,0.0,0.0,0.0,0.0,0.0,0.0,0.0,0.0,{},0.494,1.0,0.8263,0.7122
frame_000574.jpg,0,0.0,0.0,0.0,0.0,0.0,0.0,0.0,0.0,0.0,{},0.1774,1.0,0.8413,0.557
frame_000575.jpg,0,0.0,0.0,0.0,0.0,0.0,0.0,0.0,0.0,0.0,{},0.1302,1.0,0.853,0.5357
frame_000576.jpg,0,0.0,0.0,0.0,0.0,0.0,0.0,0.0,0.0,0.0,{},0.1371,1.0,0.8549,0.5395
frame_000577.jpg,0,0.0,0.0,0.0,0.0,0.0,0.0,0.0,0.0,0.0,{},0.4504,1.0,0.8464,0.6945
frame_000578.jpg,0,0.0,0.0,0.0,0.0,0.0,0.0,0.0,0.0,0.0,{},0.5739,1.0,0.8166,0.7503
frame_000579.jpg,0,0.0,0.0,0.0,0.0,0.0,0.0,0.0,0.0,0.0,{},0.6112,1.0,0.8187,0.7694
frame_000580.jpg,0,0.0,0.0,0.0,0.0,0.0,0.0,0.0,0.0,0.0,{},0.6967,1.0,0.8131,0.811
frame_000581.jpg,0,0.0,0.0,0.0,0.0,0.0,0.0,0.0,0.0,0.0,{},0.7747,1.0,0.8079,0.8489
frame_000582.jpg,0,0.0,0.0,0.0,0.0,0.0,0.0,0.0,0.0,0.0,{},0.7796,1.0,0.7965,0.8491
frame_000583.jpg,0,0.0,0.0,0.0,0.0,0.0,0.0,0.0,0.0,0.0,{},0.6444,1.0,0.7876,0.7797
frame_000584.jpg,0,0.0,0.0,0.0,0.0,0.0,0.0,0.0,0.0,0.0,{},0.0563,1.0,0.8298,0.4941
frame_000585.jpg,0,0.0,0.0,0.0,0.0,0.0,0.0,0.0,0.0,0.0,{},0.0527,1.0,0.8771,0.5017
frame_000586.jpg,1,0.028846,0.028846,0.028846,1727.0,1727.0,0.005039,0.280518,0.0,0.363031,"{""alligator_crack"": 1}",0.5212,1.0,0.8857,0.7377
frame_000587.jpg,0,0.0,0.0,0.0,0.0,0.0,0.0,0.0,0.0,0.0,{},0.6182,1.0,0.9691,0.8029
frame_000588.jpg,1,0.024076,0.024076,0.024076,2232.0,2232.0,0.005039,0.284668,0.0,0.360885,"{""alligator_crack"": 1}",0.6483,1.0,1.0,0.8242
frame_000589.jpg,0,0.0,0.0,0.0,0.0,0.0,0.0,0.0,0.0,0.0,{},0.7042,1.0,1.0,0.8521
frame_000590.jpg,0,0.0,0.0,0.0,0.0,0.0,0.0,0.0,0.0,0.0,{},0.7544,1.0,1.0,0.8772
frame_000591.jpg,0,0.0,0.0,0.0,0.0,0.0,0.0,0.0,0.0,0.0,{},0.7632,1.0,1.0,0.8816
frame_000592.jpg,0,0.0,0.0,0.0,0.0,0.0,0.0,0.0,0.0,0.0,{},0.8069,1.0,0.9953,0.9025
frame_000593.jpg,0,0.0,0.0,0.0,0.0,0.0,0.0,0.0,0.0,0.0,{},0.6859,1.0,0.8762,0.8182
frame_000594.jpg,0,0.0,0.0,0.0,0.0,0.0,0.0,0.0,0.0,0.0,{},0.2698,1.0,0.8026,0.5954
frame_000595.jpg,0,0.0,0.0,0.0,0.0,0.0,0.0,0.0,0.0,0.0,{},0.1651,1.0,0.7955,0.5417
frame_000596.jpg,1,0.0459,0.0459,0.0459,693.0,693.0,0.005039,0.374756,0.0,0.365059,"{""alligator_crack"": 1}",0.2475,1.0,0.8062,0.585
frame_000597.jpg,0,0.0,0.0,0.0,0.0,0.0,0.0,0.0,0.0,0.0,{},0.6101,1.0,0.8673,0.7785
frame_000598.jpg,0,0.0,0.0,0.0,0.0,0.0,0.0,0.0,0.0,0.0,{},0.7395,1.0,0.9068,0.8511
frame_000599.jpg,0,0.0,0.0,0.0,0.0,0.0,0.0,0.0,0.0,0.0,{},0.3168,1.0,0.87,0.6324
frame_000600.jpg,0,0.0,0.0,0.0,0.0,0.0,0.0,0.0,0.0,0.0,{},0.2782,1.0,0.8625,0.6116
frame_000601.jpg,0,0.0,0.0,0.0,0.0,0.0,0.0,0.0,0.0,0.0,{},0.1668,1.0,0.8576,0.5549
frame_000602.jpg,0,0.0,0.0,0.0,0.0,0.0,0.0,0.0,0.0,0.0,{},0.1211,1.0,0.9199,0.5445
frame_000603.jpg,0,0.0,0.0,0.0,0.0,0.0,0.0,0.0,0.0,0.0,{},0.1244,1.0,0.9157,0.5453
frame_000604.jpg,0,0.0,0.0,0.0,0.0,0.0,0.0,0.0,0.0,0.0,{},0.2746,1.0,0.8888,0.6151
frame_000605.jpg,0,0.0,0.0,0.0,0.0,0.0,0.0,0.0,0.0,0.0,{},0.3019,1.0,0.8048,0.6119
frame_000606.jpg,0,0.0,0.0,0.0,0.0,0.0,0.0,0.0,0.0,0.0,{},0.6371,1.0,0.7117,0.7609
frame_000607.jpg,0,0.0,0.0,0.0,0.0,0.0,0.0,0.0,0.0,0.0,{},0.3787,1.0,0.6881,0.627
frame_000608.jpg,0,0.0,0.0,0.0,0.0,0.0,0.0,0.0,0.0,0.0,{},0.2703,1.0,0.7911,0.5934
frame_000609.jpg,0,0.0,0.0,0.0,0.0,0.0,0.0,0.0,0.0,0.0,{},0.4456,1.0,0.8218,0.6871
frame_000610.jpg,0,0.0,0.0,0.0,0.0,0.0,0.0,0.0,0.0,0.0,{},0.651,1.0,0.7952,0.7845
frame_000611.jpg,0,0.0,0.0,0.0,0.0,0.0,0.0,0.0,0.0,0.0,{},0.7075,1.0,0.785,0.8108
frame_000612.jpg,0,0.0,0.0,0.0,0.0,0.0,0.0,0.0,0.0,0.0,{},0.7152,1.0,0.8001,0.8176
frame_000613.jpg,0,0.0,0.0,0.0,0.0,0.0,0.0,0.0,0.0,0.0,{},0.5685,1.0,0.8093,0.7461
frame_000614.jpg,0,0.0,0.0,0.0,0.0,0.0,0.0,0.0,0.0,0.0,{},0.2227,1.0,0.8537,0.5821
frame_000615.jpg,0,0.0,0.0,0.0,0.0,0.0,0.0,0.0,0.0,0.0,{},0.3145,1.0,0.8759,0.6324
frame_000616.jpg,0,0.0,0.0,0.0,0.0,0.0,0.0,0.0,0.0,0.0,{},0.6012,1.0,0.7731,0.7552
frame_000617.jpg,0,0.0,0.0,0.0,0.0,0.0,0.0,0.0,0.0,0.0,{},0.4701,1.0,0.7429,0.6836
frame_000618.jpg,0,0.0,0.0,0.0,0.0,0.0,0.0,0.0,0.0,0.0,{},0.3961,1.0,0.7436,0.6467
frame_000619.jpg,0,0.0,0.0,0.0,0.0,0.0,0.0,0.0,0.0,0.0,{},0.2611,1.0,0.8162,0.5938
frame_000620.jpg,0,0.0,0.0,0.0,0.0,0.0,0.0,0.0,0.0,0.0,{},0.2804,1.0,0.8557,0.6113
frame_000621.jpg,0,0.0,0.0,0.0,0.0,0.0,0.0,0.0,0.0,0.0,{},0.6558,1.0,0.8524,0.7984
frame_000622.jpg,0,0.0,0.0,0.0,0.0,0.0,0.0,0.0,0.0,0.0,{},0.6222,1.0,0.8264,0.7764
frame_000623.jpg,0,0.0,0.0,0.0,0.0,0.0,0.0,0.0,0.0,0.0,{},0.6178,1.0,0.7552,0.7599
frame_000624.jpg,0,0.0,0.0,0.0,0.0,0.0,0.0,0.0,0.0,0.0,{},0.5392,1.0,0.7622,0.722
frame_000625.jpg,0,0.0,0.0,0.0,0.0,0.0,0.0,0.0,0.0,0.0,{},0.3853,1.0,0.8661,0.6659
frame_000626.jpg,0,0.0,0.0,0.0,0.0,0.0,0.0,0.0,0.0,0.0,{},0.4899,1.0,0.9845,0.7418
frame_000627.jpg,0,0.0,0.0,0.0,0.0,0.0,0.0,0.0,0.0,0.0,{},0.808,1.0,0.9139,0.8868
frame_000628.jpg,0,0.0,0.0,0.0,0.0,0.0,0.0,0.0,0.0,0.0,{},0.7472,1.0,0.8706,0.8477
frame_000629.jpg,0,0.0,0.0,0.0,0.0,0.0,0.0,0.0,0.0,0.0,{},0.3591,1.0,0.796,0.6388
frame_000630.jpg,0,0.0,0.0,0.0,0.0,0.0,0.0,0.0,0.0,0.0,{},0.4922,1.0,0.7892,0.7039
frame_000631.jpg,0,0.0,0.0,0.0,0.0,0.0,0.0,0.0,0.0,0.0,{},0.5549,1.0,0.7962,0.7367
frame_000632.jpg,0,0.0,0.0,0.0,0.0,0.0,0.0,0.0,0.0,0.0,{},0.6675,1.0,0.8006,0.7939
frame_000633.jpg,0,0.0,0.0,0.0,0.0,0.0,0.0,0.0,0.0,0.0,{},0.5301,1.0,0.88,0.7411
frame_000634.jpg,0,0.0,0.0,0.0,0.0,0.0,0.0,0.0,0.0,0.0,{},0.5855,1.0,0.8848,0.7697
frame_000635.jpg,0,0.0,0.0,0.0,0.0,0.0,0.0,0.0,0.0,0.0,{},0.5104,1.0,0.8522,0.7256
frame_000636.jpg,0,0.0,0.0,0.0,0.0,0.0,0.0,0.0,0.0,0.0,{},0.3107,1.0,0.8611,0.6276
frame_000637.jpg,0,0.0,0.0,0.0,0.0,0.0,0.0,0.0,0.0,0.0,{},0.1839,1.0,0.9019,0.5723
frame_000638.jpg,0,0.0,0.0,0.0,0.0,0.0,0.0,0.0,0.0,0.0,{},0.6861,1.0,0.8651,0.8161
frame_000639.jpg,0,0.0,0.0,0.0,0.0,0.0,0.0,0.0,0.0,0.0,{},0.9553,1.0,0.859,0.9494
frame_000640.jpg,0,0.0,0.0,0.0,0.0,0.0,0.0,0.0,0.0,0.0,{},0.7675,1.0,0.8521,0.8542
frame_000641.jpg,0,0.0,0.0,0.0,0.0,0.0,0.0,0.0,0.0,0.0,{},0.3845,1.0,0.8389,0.66
frame_000642.jpg,0,0.0,0.0,0.0,0.0,0.0,0.0,0.0,0.0,0.0,{},0.8445,1.0,0.7789,0.878
frame_000643.jpg,0,0.0,0.0,0.0,0.0,0.0,0.0,0.0,0.0,0.0,{},0.9062,1.0,0.789,0.9109
frame_000644.jpg,0,0.0,0.0,0.0,0.0,0.0,0.0,0.0,0.0,0.0,{},0.4934,1.0,0.8104,0.7088
frame_000645.jpg,0,0.0,0.0,0.0,0.0,0.0,0.0,0.0,0.0,0.0,{},0.6398,1.0,0.9073,0.8013
frame_000646.jpg,0,0.0,0.0,0.0,0.0,0.0,0.0,0.0,0.0,0.0,{},0.7653,1.0,0.9888,0.8804
frame_000647.jpg,0,0.0,0.0,0.0,0.0,0.0,0.0,0.0,0.0,0.0,{},0.7801,1.0,1.0,0.8901
frame_000648.jpg,0,0.0,0.0,0.0,0.0,0.0,0.0,0.0,0.0,0.0,{},0.5889,1.0,1.0,0.7945
frame_000649.jpg,0,0.0,0.0,0.0,0.0,0.0,0.0,0.0,0.0,0.0,{},0.6987,1.0,1.0,0.8494
frame_000650.jpg,0,0.0,0.0,0.0,0.0,0.0,0.0,0.0,0.0,0.0,{},0.7225,1.0,1.0,0.8613
frame_000651.jpg,0,0.0,0.0,0.0,0.0,0.0,0.0,0.0,0.0,0.0,{},0.7971,1.0,1.0,0.8986
frame_000652.jpg,0,0.0,0.0,0.0,0.0,0.0,0.0,0.0,0.0,0.0,{},0.8574,1.0,1.0,0.9287
frame_000653.jpg,0,0.0,0.0,0.0,0.0,0.0,0.0,0.0,0.0,0.0,{},0.9096,1.0,1.0,0.9548
frame_000654.jpg,0,0.0,0.0,0.0,0.0,0.0,0.0,0.0,0.0,0.0,{},0.9644,1.0,1.0,0.9822
frame_000655.jpg,0,0.0,0.0,0.0,0.0,0.0,0.0,0.0,0.0,0.0,{},0.8697,1.0,1.0,0.9348
frame_000656.jpg,0,0.0,0.0,0.0,0.0,0.0,0.0,0.0,0.0,0.0,{},0.0855,1.0,1.0,0.5427
frame_000657.jpg,1,0.316867,0.316867,0.316867,214848.0,214848.0,0.005039,0.324219,0.0,0.492641,"{""alligator_crack"": 1}",0.6804,1.0,1.0,0.8402
frame_000658.jpg,0,0.0,0.0,0.0,0.0,0.0,0.0,0.0,0.0,0.0,{},0.6818,1.0,1.0,0.8409
frame_000659.jpg,0,0.0,0.0,0.0,0.0,0.0,0.0,0.0,0.0,0.0,{},0.903,1.0,1.0,0.9515
frame_000660.jpg,0,0.0,0.0,0.0,0.0,0.0,0.0,0.0,0.0,0.0,{},1.0,1.0,1.0,1.0
frame_000661.jpg,0,0.0,0.0,0.0,0.0,0.0,0.0,0.0,0.0,0.0,{},1.0,1.0,1.0,1.0
frame_000662.jpg,1,0.333939,0.333939,0.333939,283021.0,283021.0,0.005039,0.39502,0.0,0.500323,"{""alligator_crack"": 1}",1.0,1.0,1.0,1.0
frame_000663.jpg,0,0.0,0.0,0.0,0.0,0.0,0.0,0.0,0.0,0.0,{},1.0,1.0,1.0,1.0
frame_000664.jpg,0,0.0,0.0,0.0,0.0,0.0,0.0,0.0,0.0,0.0,{},1.0,1.0,1.0,1.0
frame_000665.jpg,0,0.0,0.0,0.0,0.0,0.0,0.0,0.0,0.0,0.0,{},0.9609,1.0,1.0,0.9804
frame_000666.jpg,0,0.0,0.0,0.0,0.0,0.0,0.0,0.0,0.0,0.0,{},0.89,1.0,1.0,0.945
frame_000667.jpg,1,0.003357,0.003357,0.003357,117.8,117.8,0.005039,0.262939,0.0,0.060097,"{""pothole"": 1}",0.8815,1.0,1.0,0.9408
frame_000668.jpg,0,0.0,0.0,0.0,0.0,0.0,0.0,0.0,0.0,0.0,{},1.0,1.0,1.0,1.0
frame_000669.jpg,1,0.004459,0.004459,0.004459,133.54,133.54,0.005039,0.349609,0.0,0.068415,"{""pothole"": 1}",0.9299,1.0,1.0,0.965
frame_000670.jpg,1,0.005643,0.005643,0.005643,150.86,150.86,0.005039,0.518555,0.0,0.077554,"{""pothole"": 1}",0.9472,1.0,1.0,0.9736
frame_000671.jpg,1,0.006322,0.006322,0.006322,159.79,159.79,0.005039,0.503906,0.0,0.082296,"{""pothole"": 1}",0.7168,1.0,1.0,0.8584
frame_000672.jpg,0,0.0,0.0,0.0,0.0,0.0,0.0,0.0,0.0,0.0,{},0.5202,1.0,1.0,0.7601
frame_000673.jpg,0,0.0,0.0,0.0,0.0,0.0,0.0,0.0,0.0,0.0,{},0.7256,1.0,1.0,0.8628
frame_000674.jpg,0,0.0,0.0,0.0,0.0,0.0,0.0,0.0,0.0,0.0,{},0.6489,1.0,1.0,0.8244
frame_000675.jpg,0,0.0,0.0,0.0,0.0,0.0,0.0,0.0,0.0,0.0,{},0.562,1.0,1.0,0.781
frame_000676.jpg,0,0.0,0.0,0.0,0.0,0.0,0.0,0.0,0.0,0.0,{},1.0,1.0,1.0,1.0
frame_000677.jpg,0,0.0,0.0,0.0,0.0,0.0,0.0,0.0,0.0,0.0,{},1.0,1.0,1.0,1.0
frame_000678.jpg,0,0.0,0.0,0.0,0.0,0.0,0.0,0.0,0.0,0.0,{},1.0,1.0,1.0,1.0
frame_000679.jpg,0,0.0,0.0,0.0,0.0,0.0,0.0,0.0,0.0,0.0,{},0.9226,1.0,1.0,0.9613
frame_000680.jpg,0,0.0,0.0,0.0,0.0,0.0,0.0,0.0,0.0,0.0,{},0.5759,1.0,1.0,0.7879
frame_000681.jpg,0,0.0,0.0,0.0,0.0,0.0,0.0,0.0,0.0,0.0,{},0.4519,1.0,1.0,0.726
frame_000682.jpg,0,0.0,0.0,0.0,0.0,0.0,0.0,0.0,0.0,0.0,{},0.4894,1.0,1.0,0.7447
frame_000683.jpg,0,0.0,0.0,0.0,0.0,0.0,0.0,0.0,0.0,0.0,{},0.7915,1.0,1.0,0.8958
frame_000684.jpg,0,0.0,0.0,0.0,0.0,0.0,0.0,0.0,0.0,0.0,{},0.9525,1.0,1.0,0.9762
frame_000685.jpg,1,0.059637,0.059637,0.059637,54199.0,54199.0,0.005039,0.344238,0.0,0.376887,"{""alligator_crack"": 1}",0.9517,1.0,1.0,0.9758
frame_000686.jpg,1,0.027453,0.027453,0.027453,39673.0,39673.0,0.005039,0.254639,0.0,0.362404,"{""longitudinal_crack"": 1}",1.0,1.0,1.0,1.0
frame_000687.jpg,0,0.0,0.0,0.0,0.0,0.0,0.0,0.0,0.0,0.0,{},1.0,1.0,1.0,1.0
frame_000688.jpg,1,0.031845,0.031845,0.031845,48671.0,48671.0,0.005039,0.484375,0.0,0.364381,"{""longitudinal_crack"": 1}",1.0,1.0,1.0,1.0
frame_000689.jpg,1,0.047386,0.047386,0.047386,458.46,458.46,0.005039,0.259766,0.0,0.249182,"{""pothole"": 1}",1.0,1.0,1.0,1.0
frame_000690.jpg,1,0.015064,0.015064,0.015064,21299.0,21299.0,0.005039,0.265869,0.0,0.356829,"{""longitudinal_crack"": 1}",0.6603,1.0,1.0,0.8302
frame_000691.jpg,0,0.0,0.0,0.0,0.0,0.0,0.0,0.0,0.0,0.0,{},0.7004,1.0,1.0,0.8502
frame_000692.jpg,0,0.0,0.0,0.0,0.0,0.0,0.0,0.0,0.0,0.0,{},1.0,1.0,1.0,1.0
frame_000693.jpg,0,0.0,0.0,0.0,0.0,0.0,0.0,0.0,0.0,0.0,{},1.0,1.0,1.0,1.0
frame_000694.jpg,0,0.0,0.0,0.0,0.0,0.0,0.0,0.0,0.0,0.0,{},1.0,1.0,1.0,1.0
frame_000695.jpg,0,0.0,0.0,0.0,0.0,0.0,0.0,0.0,0.0,0.0,{},1.0,1.0,1.0,1.0
frame_000696.jpg,0,0.0,0.0,0.0,0.0,0.0,0.0,0.0,0.0,0.0,{},1.0,1.0,1.0,1.0
frame_000697.jpg,0,0.0,0.0,0.0,0.0,0.0,0.0,0.0,0.0,0.0,{},0.1477,1.0,1.0,0.5739
frame_000698.jpg,0,0.0,0.0,0.0,0.0,0.0,0.0,0.0,0.0,0.0,{},0.2379,1.0,1.0,0.619
frame_000699.jpg,0,0.0,0.0,0.0,0.0,0.0,0.0,0.0,0.0,0.0,{},0.889,1.0,1.0,0.9445
frame_000700.jpg,0,0.0,0.0,0.0,0.0,0.0,0.0,0.0,0.0,0.0,{},1.0,1.0,1.0,1.0
frame_000701.jpg,0,0.0,0.0,0.0,0.0,0.0,0.0,0.0,0.0,0.0,{},1.0,1.0,1.0,1.0
frame_000702.jpg,0,0.0,0.0,0.0,0.0,0.0,0.0,0.0,0.0,0.0,{},1.0,1.0,1.0,1.0
frame_000703.jpg,0,0.0,0.0,0.0,0.0,0.0,0.0,0.0,0.0,0.0,{},1.0,1.0,1.0,1.0
frame_000704.jpg,0,0.0,0.0,0.0,0.0,0.0,0.0,0.0,0.0,0.0,{},0.8963,1.0,1.0,0.9482
frame_000705.jpg,0,0.0,0.0,0.0,0.0,0.0,0.0,0.0,0.0,0.0,{},0.5229,1.0,1.0,0.7615
frame_000706.jpg,0,0.0,0.0,0.0,0.0,0.0,0.0,0.0,0.0,0.0,{},0.5484,1.0,1.0,0.7742
frame_000707.jpg,0,0.0,0.0,0.0,0.0,0.0,0.0,0.0,0.0,0.0,{},0.8393,1.0,1.0,0.9197
frame_000708.jpg,0,0.0,0.0,0.0,0.0,0.0,0.0,0.0,0.0,0.0,{},0.8176,1.0,1.0,0.9088
frame_000709.jpg,0,0.0,0.0,0.0,0.0,0.0,0.0,0.0,0.0,0.0,{},0.7437,1.0,1.0,0.8718
frame_000710.jpg,0,0.0,0.0,0.0,0.0,0.0,0.0,0.0,0.0,0.0,{},0.8442,1.0,1.0,0.9221
frame_000711.jpg,0,0.0,0.0,0.0,0.0,0.0,0.0,0.0,0.0,0.0,{},0.9423,1.0,1.0,0.9712
frame_000712.jpg,0,0.0,0.0,0.0,0.0,0.0,0.0,0.0,0.0,0.0,{},1.0,1.0,1.0,1.0
frame_000713.jpg,0,0.0,0.0,0.0,0.0,0.0,0.0,0.0,0.0,0.0,{},0.7535,1.0,1.0,0.8768
frame_000714.jpg,0,0.0,0.0,0.0,0.0,0.0,0.0,0.0,0.0,0.0,{},0.6812,1.0,1.0,0.8406
frame_000715.jpg,0,0.0,0.0,0.0,0.0,0.0,0.0,0.0,0.0,0.0,{},0.6688,1.0,1.0,0.8344
frame_000716.jpg,0,0.0,0.0,0.0,0.0,0.0,0.0,0.0,0.0,0.0,{},0.8253,1.0,1.0,0.9127
frame_000717.jpg,0,0.0,0.0,0.0,0.0,0.0,0.0,0.0,0.0,0.0,{},0.8902,1.0,1.0,0.9451
frame_000718.jpg,0,0.0,0.0,0.0,0.0,0.0,0.0,0.0,0.0,0.0,{},0.7513,1.0,1.0,0.8757
frame_000719.jpg,0,0.0,0.0,0.0,0.0,0.0,0.0,0.0,0.0,0.0,{},0.6771,1.0,1.0,0.8386
frame_000720.jpg,0,0.0,0.0,0.0,0.0,0.0,0.0,0.0,0.0,0.0,{},0.7731,1.0,1.0,0.8865
frame_000721.jpg,0,0.0,0.0,0.0,0.0,0.0,0.0,0.0,0.0,0.0,{},0.7641,1.0,1.0,0.8821
frame_000722.jpg,0,0.0,0.0,0.0,0.0,0.0,0.0,0.0,0.0,0.0,{},0.5867,1.0,1.0,0.7933
frame_000723.jpg,0,0.0,0.0,0.0,0.0,0.0,0.0,0.0,0.0,0.0,{},0.5116,1.0,1.0,0.7558
frame_000724.jpg,0,0.0,0.0,0.0,0.0,0.0,0.0,0.0,0.0,0.0,{},0.4565,1.0,1.0,0.7283
frame_000725.jpg,0,0.0,0.0,0.0,0.0,0.0,0.0,0.0,0.0,0.0,{},0.3605,1.0,1.0,0.6802
frame_000726.jpg,0,0.0,0.0,0.0,0.0,0.0,0.0,0.0,0.0,0.0,{},0.5289,1.0,1.0,0.7644
frame_000727.jpg,0,0.0,0.0,0.0,0.0,0.0,0.0,0.0,0.0,0.0,{},0.4816,1.0,1.0,0.7408
frame_000728.jpg,0,0.0,0.0,0.0,0.0,0.0,0.0,0.0,0.0,0.0,{},0.3916,1.0,1.0,0.6958
frame_000729.jpg,0,0.0,0.0,0.0,0.0,0.0,0.0,0.0,0.0,0.0,{},0.3591,1.0,1.0,0.6795
frame_000730.jpg,0,0.0,0.0,0.0,0.0,0.0,0.0,0.0,0.0,0.0,{},0.3699,1.0,1.0,0.685
frame_000731.jpg,0,0.0,0.0,0.0,0.0,0.0,0.0,0.0,0.0,0.0,{},0.3478,1.0,1.0,0.6739
frame_000732.jpg,0,0.0,0.0,0.0,0.0,0.0,0.0,0.0,0.0,0.0,{},0.4965,1.0,1.0,0.7483
frame_000733.jpg,0,0.0,0.0,0.0,0.0,0.0,0.0,0.0,0.0,0.0,{},0.6595,1.0,1.0,0.8298
frame_000734.jpg,0,0.0,0.0,0.0,0.0,0.0,0.0,0.0,0.0,0.0,{},0.821,1.0,1.0,0.9105
frame_000735.jpg,0,0.0,0.0,0.0,0.0,0.0,0.0,0.0,0.0,0.0,{},0.9443,1.0,1.0,0.9721
frame_000736.jpg,0,0.0,0.0,0.0,0.0,0.0,0.0,0.0,0.0,0.0,{},1.0,1.0,1.0,1.0
frame_000737.jpg,0,0.0,0.0,0.0,0.0,0.0,0.0,0.0,0.0,0.0,{},0.6561,1.0,1.0,0.8281
frame_000738.jpg,0,0.0,0.0,0.0,0.0,0.0,0.0,0.0,0.0,0.0,{},0.6493,1.0,1.0,0.8247
frame_000739.jpg,0,0.0,0.0,0.0,0.0,0.0,0.0,0.0,0.0,0.0,{},0.8449,1.0,1.0,0.9225
frame_000740.jpg,0,0.0,0.0,0.0,0.0,0.0,0.0,0.0,0.0,0.0,{},1.0,1.0,1.0,1.0
frame_000741.jpg,0,0.0,0.0,0.0,0.0,0.0,0.0,0.0,0.0,0.0,{},1.0,1.0,1.0,1.0
frame_000742.jpg,0,0.0,0.0,0.0,0.0,0.0,0.0,0.0,0.0,0.0,{},0.993,1.0,1.0,0.9965
frame_000743.jpg,0,0.0,0.0,0.0,0.0,0.0,0.0,0.0,0.0,0.0,{},1.0,1.0,1.0,1.0
frame_000744.jpg,0,0.0,0.0,0.0,0.0,0.0,0.0,0.0,0.0,0.0,{},1.0,1.0,1.0,1.0
frame_000745.jpg,0,0.0,0.0,0.0,0.0,0.0,0.0,0.0,0.0,0.0,{},1.0,1.0,1.0,1.0
frame_000746.jpg,1,0.06661,0.06661,0.06661,70957.0,70957.0,0.005039,0.308105,0.0,0.380025,"{""longitudinal_crack"": 1}",1.0,1.0,1.0,1.0
frame_000747.jpg,1,0.068132,0.068132,0.068132,74709.0,74709.0,0.005039,0.343262,0.0,0.38071,"{""longitudinal_crack"": 1}",1.0,1.0,1.0,1.0
frame_000748.jpg,1,0.071835,0.071835,0.071835,72795.0,72795.0,0.005039,0.592773,0.0,0.382376,"{""longitudinal_crack"": 1}",0.7932,1.0,1.0,0.8966
frame_000749.jpg,2,0.117622,0.058811,0.07881,113473.0,56736.5,0.010078,0.276855,0.007471,0.403031,"{""longitudinal_crack"": 2}",0.591,1.0,1.0,0.7955
frame_000750.jpg,0,0.0,0.0,0.0,0.0,0.0,0.0,0.0,0.0,0.0,{},0.4261,1.0,1.0,0.7131
frame_000751.jpg,0,0.0,0.0,0.0,0.0,0.0,0.0,0.0,0.0,0.0,{},0.5106,1.0,1.0,0.7553
frame_000752.jpg,1,0.0494,0.0494,0.0494,28191.0,28191.0,0.005039,0.351318,0.0,0.37228,"{""longitudinal_crack"": 1}",0.4963,1.0,0.9917,0.7465
frame_000753.jpg,1,0.062208,0.062208,0.062208,37338.0,37338.0,0.005039,0.394287,0.0,0.378044,"{""longitudinal_crack"": 1}",0.414,1.0,0.9416,0.6953
frame_000754.jpg,0,0.0,0.0,0.0,0.0,0.0,0.0,0.0,0.0,0.0,{},0.341,1.0,0.9031,0.6512
frame_000755.jpg,1,0.059764,0.059764,0.059764,10748.0,10748.0,0.005039,0.482422,0.0,0.376944,"{""longitudinal_crack"": 1}",0.1888,1.0,0.895,0.5734
frame_000756.jpg,1,0.059465,0.059465,0.059465,7353.0,7353.0,0.005039,0.488281,0.0,0.37681,"{""longitudinal_crack"": 1}",0.1572,1.0,0.8615,0.5509
frame_000757.jpg,1,0.055733,0.055733,0.055733,12080.0,12080.0,0.005039,0.470703,0.0,0.37513,"{""longitudinal_crack"": 1}",0.2728,1.0,0.8269,0.6018
frame_000758.jpg,1,0.055429,0.055429,0.055429,11588.0,11588.0,0.005039,0.336426,0.0,0.374994,"{""longitudinal_crack"": 1}",0.3452,1.0,0.8212,0.6369
frame_000759.jpg,0,0.0,0.0,0.0,0.0,0.0,0.0,0.0,0.0,0.0,{},0.4493,1.0,0.8206,0.6888
frame_000760.jpg,0,0.0,0.0,0.0,0.0,0.0,0.0,0.0,0.0,0.0,{},0.4229,1.0,0.8878,0.689
frame_000761.jpg,0,0.0,0.0,0.0,0.0,0.0,0.0,0.0,0.0,0.0,{},0.2519,1.0,0.9917,0.6243
frame_000762.jpg,0,0.0,0.0,0.0,0.0,0.0,0.0,0.0,0.0,0.0,{},0.2072,1.0,0.9912,0.6018
frame_000763.jpg,0,0.0,0.0,0.0,0.0,0.0,0.0,0.0,0.0,0.0,{},0.2681,1.0,0.9785,0.6297
frame_000764.jpg,0,0.0,0.0,0.0,0.0,0.0,0.0,0.0,0.0,0.0,{},0.3613,1.0,0.8947,0.6596
frame_000765.jpg,0,0.0,0.0,0.0,0.0,0.0,0.0,0.0,0.0,0.0,{},0.328,1.0,0.8387,0.6318
frame_000766.jpg,0,0.0,0.0,0.0,0.0,0.0,0.0,0.0,0.0,0.0,{},0.21,1.0,0.8411,0.5732
frame_000767.jpg,0,0.0,0.0,0.0,0.0,0.0,0.0,0.0,0.0,0.0,{},0.1139,1.0,0.8232,0.5216
frame_000768.jpg,0,0.0,0.0,0.0,0.0,0.0,0.0,0.0,0.0,0.0,{},0.1314,1.0,0.8714,0.54
frame_000769.jpg,0,0.0,0.0,0.0,0.0,0.0,0.0,0.0,0.0,0.0,{},0.2043,1.0,0.9794,0.598
frame_000770.jpg,0,0.0,0.0,0.0,0.0,0.0,0.0,0.0,0.0,0.0,{},0.4605,1.0,1.0,0.7303
frame_000771.jpg,0,0.0,0.0,0.0,0.0,0.0,0.0,0.0,0.0,0.0,{},0.5644,1.0,1.0,0.7822
frame_000772.jpg,0,0.0,0.0,0.0,0.0,0.0,0.0,0.0,0.0,0.0,{},0.5623,1.0,1.0,0.7812
frame_000773.jpg,0,0.0,0.0,0.0,0.0,0.0,0.0,0.0,0.0,0.0,{},0.5539,1.0,0.8391,0.7448
frame_000774.jpg,0,0.0,0.0,0.0,0.0,0.0,0.0,0.0,0.0,0.0,{},0.3855,1.0,0.8274,0.6582
frame_000775.jpg,0,0.0,0.0,0.0,0.0,0.0,0.0,0.0,0.0,0.0,{},0.235,1.0,0.717,0.5609
frame_000776.jpg,0,0.0,0.0,0.0,0.0,0.0,0.0,0.0,0.0,0.0,{},0.1406,1.0,0.6853,0.5074
frame_000777.jpg,0,0.0,0.0,0.0,0.0,0.0,0.0,0.0,0.0,0.0,{},0.2057,1.0,0.6916,0.5412
frame_000778.jpg,0,0.0,0.0,0.0,0.0,0.0,0.0,0.0,0.0,0.0,{},0.3795,1.0,0.7205,0.6338
frame_000779.jpg,0,0.0,0.0,0.0,0.0,0.0,0.0,0.0,0.0,0.0,{},0.493,1.0,0.9431,0.7351
frame_000780.jpg,0,0.0,0.0,0.0,0.0,0.0,0.0,0.0,0.0,0.0,{},0.5487,1.0,0.9846,0.7713
frame_000781.jpg,0,0.0,0.0,0.0,0.0,0.0,0.0,0.0,0.0,0.0,{},0.5343,1.0,1.0,0.7672
frame_000782.jpg,0,0.0,0.0,0.0,0.0,0.0,0.0,0.0,0.0,0.0,{},0.4898,1.0,0.9789,0.7407
frame_000783.jpg,0,0.0,0.0,0.0,0.0,0.0,0.0,0.0,0.0,0.0,{},0.4965,1.0,0.9117,0.7306
frame_000784.jpg,0,0.0,0.0,0.0,0.0,0.0,0.0,0.0,0.0,0.0,{},0.4641,1.0,0.9463,0.7213
frame_000785.jpg,0,0.0,0.0,0.0,0.0,0.0,0.0,0.0,0.0,0.0,{},0.4753,1.0,0.9746,0.7326
frame_000786.jpg,0,0.0,0.0,0.0,0.0,0.0,0.0,0.0,0.0,0.0,{},0.5126,1.0,1.0,0.7563
frame_000787.jpg,0,0.0,0.0,0.0,0.0,0.0,0.0,0.0,0.0,0.0,{},0.5659,1.0,1.0,0.7829
frame_000788.jpg,0,0.0,0.0,0.0,0.0,0.0,0.0,0.0,0.0,0.0,{},0.5664,1.0,1.0,0.7832
frame_000789.jpg,0,0.0,0.0,0.0,0.0,0.0,0.0,0.0,0.0,0.0,{},0.5287,1.0,1.0,0.7643
frame_000790.jpg,0,0.0,0.0,0.0,0.0,0.0,0.0,0.0,0.0,0.0,{},0.5373,1.0,1.0,0.7686
frame_000791.jpg,0,0.0,0.0,0.0,0.0,0.0,0.0,0.0,0.0,0.0,{},0.5575,1.0,1.0,0.7788
frame_000792.jpg,0,0.0,0.0,0.0,0.0,0.0,0.0,0.0,0.0,0.0,{},0.6649,1.0,1.0,0.8325
frame_000793.jpg,0,0.0,0.0,0.0,0.0,0.0,0.0,0.0,0.0,0.0,{},0.6173,1.0,1.0,0.8086
frame_000794.jpg,0,0.0,0.0,0.0,0.0,0.0,0.0,0.0,0.0,0.0,{},0.5714,1.0,1.0,0.7857
frame_000795.jpg,0,0.0,0.0,0.0,0.0,0.0,0.0,0.0,0.0,0.0,{},0.6196,1.0,1.0,0.8098
frame_000796.jpg,0,0.0,0.0,0.0,0.0,0.0,0.0,0.0,0.0,0.0,{},0.4615,1.0,1.0,0.7308
frame_000797.jpg,0,0.0,0.0,0.0,0.0,0.0,0.0,0.0,0.0,0.0,{},0.3415,1.0,1.0,0.6707
frame_000798.jpg,0,0.0,0.0,0.0,0.0,0.0,0.0,0.0,0.0,0.0,{},0.4613,1.0,1.0,0.7307
frame_000799.jpg,0,0.0,0.0,0.0,0.0,0.0,0.0,0.0,0.0,0.0,{},0.5777,1.0,1.0,0.7888
frame_000800.jpg,0,0.0,0.0,0.0,0.0,0.0,0.0,0.0,0.0,0.0,{},0.6226,1.0,0.9966,0.8106
frame_000801.jpg,0,0.0,0.0,0.0,0.0,0.0,0.0,0.0,0.0,0.0,{},0.3647,1.0,0.9216,0.6667
frame_000802.jpg,0,0.0,0.0,0.0,0.0,0.0,0.0,0.0,0.0,0.0,{},0.3434,1.0,0.9124,0.6542
frame_000803.jpg,0,0.0,0.0,0.0,0.0,0.0,0.0,0.0,0.0,0.0,{},0.1056,1.0,0.9387,0.5405
frame_000804.jpg,0,0.0,0.0,0.0,0.0,0.0,0.0,0.0,0.0,0.0,{},0.0818,1.0,0.9439,0.5296
frame_000805.jpg,0,0.0,0.0,0.0,0.0,0.0,0.0,0.0,0.0,0.0,{},0.0671,1.0,0.946,0.5228
frame_000806.jpg,0,0.0,0.0,0.0,0.0,0.0,0.0,0.0,0.0,0.0,{},0.0632,1.0,0.911,0.5138
frame_000807.jpg,0,0.0,0.0,0.0,0.0,0.0,0.0,0.0,0.0,0.0,{},0.0705,1.0,0.8646,0.5082
frame_000808.jpg,0,0.0,0.0,0.0,0.0,0.0,0.0,0.0,0.0,0.0,{},0.0659,1.0,0.8528,0.5035
frame_000809.jpg,0,0.0,0.0,0.0,0.0,0.0,0.0,0.0,0.0,0.0,{},0.061,1.0,0.8653,0.5036
frame_000810.jpg,0,0.0,0.0,0.0,0.0,0.0,0.0,0.0,0.0,0.0,{},0.0608,1.0,0.8934,0.5091
frame_000811.jpg,0,0.0,0.0,0.0,0.0,0.0,0.0,0.0,0.0,0.0,{},0.1077,1.0,0.9209,0.538
frame_000812.jpg,0,0.0,0.0,0.0,0.0,0.0,0.0,0.0,0.0,0.0,{},0.1088,1.0,0.9303,0.5405
frame_000813.jpg,0,0.0,0.0,0.0,0.0,0.0,0.0,0.0,0.0,0.0,{},0.3821,1.0,0.9599,0.683
frame_000814.jpg,0,0.0,0.0,0.0,0.0,0.0,0.0,0.0,0.0,0.0,{},0.5109,1.0,0.9817,0.7518
frame_000815.jpg,0,0.0,0.0,0.0,0.0,0.0,0.0,0.0,0.0,0.0,{},0.5365,1.0,0.9838,0.765
frame_000816.jpg,0,0.0,0.0,0.0,0.0,0.0,0.0,0.0,0.0,0.0,{},0.6156,1.0,0.9809,0.804
frame_000817.jpg,0,0.0,0.0,0.0,0.0,0.0,0.0,0.0,0.0,0.0,{},0.6846,1.0,0.9714,0.8366
frame_000818.jpg,0,0.0,0.0,0.0,0.0,0.0,0.0,0.0,0.0,0.0,{},0.7338,1.0,0.9589,0.8587
frame_000819.jpg,0,0.0,0.0,0.0,0.0,0.0,0.0,0.0,0.0,0.0,{},0.7671,1.0,0.933,0.8702
frame_000820.jpg,0,0.0,0.0,0.0,0.0,0.0,0.0,0.0,0.0,0.0,{},0.7482,1.0,0.8977,0.8536
frame_000821.jpg,0,0.0,0.0,0.0,0.0,0.0,0.0,0.0,0.0,0.0,{},0.7264,1.0,0.8805,0.8393
frame_000822.jpg,0,0.0,0.0,0.0,0.0,0.0,0.0,0.0,0.0,0.0,{},0.6913,1.0,0.8958,0.8248
frame_000823.jpg,0,0.0,0.0,0.0,0.0,0.0,0.0,0.0,0.0,0.0,{},0.6599,1.0,0.8911,0.8082
frame_000824.jpg,0,0.0,0.0,0.0,0.0,0.0,0.0,0.0,0.0,0.0,{},0.6963,1.0,0.8884,0.8258
frame_000825.jpg,0,0.0,0.0,0.0,0.0,0.0,0.0,0.0,0.0,0.0,{},0.8253,1.0,0.9039,0.8934
frame_000826.jpg,0,0.0,0.0,0.0,0.0,0.0,0.0,0.0,0.0,0.0,{},0.7771,1.0,0.9271,0.874
frame_000827.jpg,0,0.0,0.0,0.0,0.0,0.0,0.0,0.0,0.0,0.0,{},0.807,1.0,0.9479,0.8931
frame_000828.jpg,0,0.0,0.0,0.0,0.0,0.0,0.0,0.0,0.0,0.0,{},0.8223,1.0,0.9527,0.9017
frame_000829.jpg,0,0.0,0.0,0.0,0.0,0.0,0.0,0.0,0.0,0.0,{},0.1417,1.0,0.9815,0.5671
frame_000830.jpg,0,0.0,0.0,0.0,0.0,0.0,0.0,0.0,0.0,0.0,{},0.125,1.0,0.9815,0.5588
frame_000831.jpg,0,0.0,0.0,0.0,0.0,0.0,0.0,0.0,0.0,0.0,{},0.455,1.0,0.9862,0.7247
frame_000832.jpg,0,0.0,0.0,0.0,0.0,0.0,0.0,0.0,0.0,0.0,{},0.7163,1.0,1.0,0.8581
frame_000833.jpg,0,0.0,0.0,0.0,0.0,0.0,0.0,0.0,0.0,0.0,{},0.7703,1.0,1.0,0.8852
frame_000834.jpg,0,0.0,0.0,0.0,0.0,0.0,0.0,0.0,0.0,0.0,{},0.7274,1.0,1.0,0.8637
frame_000835.jpg,0,0.0,0.0,0.0,0.0,0.0,0.0,0.0,0.0,0.0,{},0.6361,1.0,1.0,0.818
frame_000836.jpg,0,0.0,0.0,0.0,0.0,0.0,0.0,0.0,0.0,0.0,{},0.6657,1.0,1.0,0.8328
frame_000837.jpg,0,0.0,0.0,0.0,0.0,0.0,0.0,0.0,0.0,0.0,{},0.6016,1.0,1.0,0.8008
frame_000838.jpg,0,0.0,0.0,0.0,0.0,0.0,0.0,0.0,0.0,0.0,{},0.6656,1.0,1.0,0.8328
frame_000839.jpg,0,0.0,0.0,0.0,0.0,0.0,0.0,0.0,0.0,0.0,{},0.7408,1.0,1.0,0.8704
frame_000840.jpg,0,0.0,0.0,0.0,0.0,0.0,0.0,0.0,0.0,0.0,{},0.6386,1.0,1.0,0.8193
frame_000841.jpg,0,0.0,0.0,0.0,0.0,0.0,0.0,0.0,0.0,0.0,{},0.8929,1.0,1.0,0.9465
frame_000842.jpg,0,0.0,0.0,0.0,0.0,0.0,0.0,0.0,0.0,0.0,{},0.914,1.0,1.0,0.957
frame_000843.jpg,0,0.0,0.0,0.0,0.0,0.0,0.0,0.0,0.0,0.0,{},0.789,1.0,1.0,0.8945
frame_000844.jpg,0,0.0,0.0,0.0,0.0,0.0,0.0,0.0,0.0,0.0,{},0.7237,1.0,1.0,0.8619
frame_000845.jpg,0,0.0,0.0,0.0,0.0,0.0,0.0,0.0,0.0,0.0,{},0.6841,1.0,1.0,0.842
frame_000846.jpg,0,0.0,0.0,0.0,0.0,0.0,0.0,0.0,0.0,0.0,{},0.727,1.0,1.0,0.8635
frame_000847.jpg,0,0.0,0.0,0.0,0.0,0.0,0.0,0.0,0.0,0.0,{},0.8198,1.0,1.0,0.9099
frame_000848.jpg,0,0.0,0.0,0.0,0.0,0.0,0.0,0.0,0.0,0.0,{},0.8428,1.0,1.0,0.9214
frame_000849.jpg,0,0.0,0.0,0.0,0.0,0.0,0.0,0.0,0.0,0.0,{},0.894,1.0,1.0,0.947
frame_000850.jpg,0,0.0,0.0,0.0,0.0,0.0,0.0,0.0,0.0,0.0,{},0.8842,1.0,1.0,0.9421
frame_000851.jpg,0,0.0,0.0,0.0,0.0,0.0,0.0,0.0,0.0,0.0,{},0.8215,1.0,1.0,0.9107
frame_000852.jpg,1,0.007782,0.007782,0.007782,176.39,176.39,0.005039,0.280518,0.0,0.0912,"{""pothole"": 1}",0.9657,1.0,1.0,0.9828
frame_000853.jpg,0,0.0,0.0,0.0,0.0,0.0,0.0,0.0,0.0,0.0,{},0.9355,1.0,1.0,0.9677
frame_000854.jpg,0,0.0,0.0,0.0,0.0,0.0,0.0,0.0,0.0,0.0,{},0.7772,1.0,1.0,0.8886
frame_000855.jpg,0,0.0,0.0,0.0,0.0,0.0,0.0,0.0,0.0,0.0,{},0.8811,1.0,1.0,0.9406
frame_000856.jpg,0,0.0,0.0,0.0,0.0,0.0,0.0,0.0,0.0,0.0,{},0.9897,1.0,1.0,0.9949
frame_000857.jpg,0,0.0,0.0,0.0,0.0,0.0,0.0,0.0,0.0,0.0,{},0.8333,1.0,1.0,0.9167
frame_000858.jpg,0,0.0,0.0,0.0,0.0,0.0,0.0,0.0,0.0,0.0,{},0.8175,1.0,1.0,0.9088
frame_000859.jpg,0,0.0,0.0,0.0,0.0,0.0,0.0,0.0,0.0,0.0,{},0.7641,1.0,1.0,0.882
frame_000860.jpg,0,0.0,0.0,0.0,0.0,0.0,0.0,0.0,0.0,0.0,{},0.6434,1.0,1.0,0.8217
frame_000861.jpg,0,0.0,0.0,0.0,0.0,0.0,0.0,0.0,0.0,0.0,{},0.5382,1.0,1.0,0.7691
frame_000862.jpg,0,0.0,0.0,0.0,0.0,0.0,0.0,0.0,0.0,0.0,{},0.5345,1.0,1.0,0.7672
frame_000863.jpg,0,0.0,0.0,0.0,0.0,0.0,0.0,0.0,0.0,0.0,{},0.4729,1.0,1.0,0.7365
frame_000864.jpg,0,0.0,0.0,0.0,0.0,0.0,0.0,0.0,0.0,0.0,{},0.559,1.0,1.0,0.7795
frame_000865.jpg,0,0.0,0.0,0.0,0.0,0.0,0.0,0.0,0.0,0.0,{},0.6092,1.0,1.0,0.8046
frame_000866.jpg,0,0.0,0.0,0.0,0.0,0.0,0.0,0.0,0.0,0.0,{},0.38,1.0,1.0,0.69
frame_000867.jpg,0,0.0,0.0,0.0,0.0,0.0,0.0,0.0,0.0,0.0,{},0.29,1.0,1.0,0.645
frame_000868.jpg,0,0.0,0.0,0.0,0.0,0.0,0.0,0.0,0.0,0.0,{},0.4515,1.0,1.0,0.7258
frame_000869.jpg,0,0.0,0.0,0.0,0.0,0.0,0.0,0.0,0.0,0.0,{},0.3858,1.0,1.0,0.6929
frame_000870.jpg,0,0.0,0.0,0.0,0.0,0.0,0.0,0.0,0.0,0.0,{},0.3482,1.0,1.0,0.6741
frame_000871.jpg,0,0.0,0.0,0.0,0.0,0.0,0.0,0.0,0.0,0.0,{},0.4012,1.0,0.9493,0.6905
frame_000872.jpg,0,0.0,0.0,0.0,0.0,0.0,0.0,0.0,0.0,0.0,{},0.3938,1.0,0.9229,0.6815
frame_000873.jpg,0,0.0,0.0,0.0,0.0,0.0,0.0,0.0,0.0,0.0,{},0.3436,1.0,0.9009,0.652
